clone_id,junction_aa,v_call,j_call
7908,CAGLGSIEKTENTPLVF,TRAV35*01,TRAJ29*01
7908,CASSSGYRGKKLFF,TRBV6-5*01,TRBJ1-4*01
71,CSVEDGYEQYF,TRBV29-1*01,TRBJ2-7*01
71,CAGQSNAGGTSYGKLTF,TRAV35*01,TRAJ52*01
85,CASSQGGQGAPYEQYF,TRBV4-1*01,TRBJ2-7*01
85,CLVGAGNMLTF,TRAV4*01,TRAJ39*01
172,CASSRAGTGYNEQFF,TRBV19*01,TRBJ2-1*01
172,CAYRSVPLNRDDKIIF,TRAV38-2/DV8*01,TRAJ30*01
182,CAEKRPTDKLIF,TRAV13-2*01,TRAJ34*01
182,CASSEVGVFEAFF,TRBV2*01,TRBJ1-1*01
300,CASSLRGGQSYEQYF,TRBV12-4*01,TRBJ2-7*01
300,CAYRSVPKVSGSRLTF,TRAV38-2/DV8*01,TRAJ53*01
301,CASSQWDNQPQHF,TRBV4-1*01,TRBJ1-5*01
301,CAVSGNTGKLIF,TRAV20*01,TRAJ37*01
302,CAISEGAPNTEAFF,TRBV10-3*01,TRBJ1-1*01
302,CAASLKTSYDKVIF,TRAV23/DV6*01,TRAJ50*01
519,CASSYGTGDLSYNEQFF,TRBV7-8*01,TRBJ2-1*01
519,CALLPGSGTASKLTF,TRAV38-1*01,TRAJ44*01
644,CASSFPVTAITGNTEAFF,TRBV11-2*01,TRBJ1-1*01
644,CAYETGNQFYF,TRAV38-2/DV8*01,TRAJ49*01
703,CASSFPGQGNTQYF,TRBV27*01,TRBJ2-3*01
703,CVRITHMDAGYLLTF,TRAV10*01,TRAJ39*01
758,CASSVASGQLYGYTF,TRBV9*01,TRBJ1-2*01
758,CILPLVHAGGTSYGKLTF,TRAV26-2*01,TRAJ52*01
786,CASSLGRAGYGETQYF,TRBV12-4*01,TRBJ2-5*01
786,CAMREGLDDMRF,TRAV14/DV4*02,TRAJ43*01
856,CAHRGSQGNLIF,TRAV12-2*01,TRAJ42*01
856,CASSPLTGESMSEKLFF,TRBV11-3*01,TRBJ1-4*01
991,CAFETGNQFYF,TRAV38-2/DV8*01,TRAJ49*01
991,CATSGDTQYF,TRBV24-1*01,TRBJ2-3*01
1009,CADLGSQGNLIF,TRAV5*01,TRAJ42*01
1009,CASSEGWHSYEQYF,TRBV6-1*01,TRBJ2-7*01
1012,CATSTGDSNQPQHF,TRBV15*01,TRBJ1-5*01
1012,CAVRSSGGSYIPTF,TRAV1-2*01,TRAJ6*01
1014,CASSLESGFLSGYTF,TRBV7-9*01,TRBJ1-2*01
1014,CAFHGARLMF,TRAV29/DV5*01,TRAJ31*01
1026,CASSLSGYEQYF,TRBV28*01,TRBJ2-7*01
1026,CAESKNNNARLMF,TRAV5*01,TRAJ31*01
1030,CAVLGTQGGSEKLVF,TRAV41*01,TRAJ57*01
1030,CASSLLWAEYNEQFF,TRBV4-1*01,TRBJ2-1*01
1047,CASSPGGGASYEQYF,TRBV9*01,TRBJ2-7*01
1047,CAVRAHSGGGADGLTF,TRAV3*01,TRAJ45*01
1052,CAFTSGTYKYIF,TRAV38-1*01,TRAJ40*01
1052,CASSIVQGSNQPQHF,TRBV19*01,TRBJ1-5*01
1063,CAFMKHRAAGNKLTF,TRAV38-1*01,TRAJ17*01
1063,CASGGKVFPPYEQYF,TRBV12-5*01,TRBJ2-7*01
1086,CAEMGGNTPLVF,TRAV5*01,TRAJ29*01
1086,CASSLTGESYEQYF,TRBV13*01,TRBJ2-7*01
1128,CATEPNTGFQKLVF,TRAV17*01,TRAJ8*01
1128,CASSQTTPLTYNYEQYF,TRBV19*01,TRBJ2-7*01
1274,CATEGDSGYSTLTF,TRAV17*01,TRAJ11*01
1274,CASSLQGGNYGYTF,TRBV6-5*01,TRBJ1-2*01
1294,CAVNGFDMRF,TRAV8-1*01,TRAJ43*01
1294,CASSQDMGWGTDTQYF,TRBV14*01,TRBJ2-3*01
1475,CASSWGDYNEQFF,TRBV7-2*01,TRBJ2-1*01
1475,CAVSLNFGNEKLTF,TRAV41*01,TRAJ48*01
1525,CASSLEPTANQPQHF,TRBV6-5*01,TRBJ1-5*01
1525,CAVGGYRGAGSYQLTF,TRAV8-3*01,TRAJ28*01
1552,CASSTPRGGYTF,TRBV6-3*01,TRBJ1-2*01
1552,CAVILFYNQGGKLIF,TRAV12-2*01,TRAJ23*01
1632,CAAKGGSEKLVF,TRAV29/DV5*01,TRAJ57*01
1632,CASSQRRTGPSSTDTQYF,TRBV4-1*01,TRBJ2-3*01
1702,CAVLRMDSSYKLIF,TRAV21*01,TRAJ12*01
1702,CASTPRRLGLFPSSGNTIYF,TRBV6-6*01,TRBJ1-3*01
1967,CAEGDNDMRF,TRAV5*01,TRAJ43*01
1967,CASSLGGGVLFF,TRBV12-3*01,TRBJ1-4*01
2061,CAISSDSGDEQFF,TRBV10-3*01,TRBJ2-1*01
2061,CARRDPTGRRALTF,TRAV12-2*01,TRAJ5*01
4045,CAVNNARLMF,TRAV12-2*01,TRAJ31*01
4045,CASSQGGGGTDTQYF,TRBV4-3*01,TRBJ2-3*01
4477,CAISESVNTEAFF,TRBV10-3*01,TRBJ1-1*01
4477,CAVNRGYQKVTF,TRAV12-2*01,TRAJ13*01
4716,CAVRDAHNNAGNMLTF,TRAV1-1*01,TRAJ39*01
4716,CASSVTSSRGGTDTQYF,TRBV9*01,TRBJ2-3*01
5459,CAVLDSNYQLIW,TRAV1-2*01,TRAJ33*01
5459,CASKKLAGDSYEQYF,TRBV6-5*01,TRBJ2-7*01
5867,CAVRGATNKLIF,TRAV20*01,TRAJ32*01
5867,CASSQEDSWGDTQYF,TRBV14*01,TRBJ2-3*01
7869,CASSRQNTGELFF,TRBV19*01,TRBJ2-2*01
7869,CAVCGSNFGNEKLTF,TRAV12-2*01,TRAJ48*01
8897,CASSQERGGPDTQYF,TRBV4-2*01,TRBJ2-3*01
8897,CAVRDSNYQLIW,TRAV1-2*01,TRAJ33*01
14772,CVGRKGSARQLTF,TRAV8-2*01,TRAJ22*01
14772,CSARDLEVLSYEQYF,TRBV20-1*01,TRBJ2-7*01
15334,CAGDSGGYQKVTF,TRAV2*01,TRAJ13*01
15334,CASSAGSFRHPYSNQPQHF,TRBV9*01,TRBJ1-5*01
18798,CASSPLRGGVTYNEQFF,TRBV5-6*01,TRBJ2-1*01
18798,CAVVPMYGGSQGNLIF,TRAV8-3*01,TRAJ42*01
19556,CASSDSLGDRGSYEQYF,TRBV7-9*01,TRBJ2-7*01
19556,CVVRAGGYNKLIF,TRAV10*01,TRAJ4*01
20942,CASSFRGPNLYTEAFF,TRBV12-3*01,TRBJ1-1*01
20942,CAVREEDYKLSF,TRAV1-2*01,TRAJ20*01
21375,CAVDNFNKFYF,TRAV21*01,TRAJ21*01
21375,CASSSQGGYGYTF,TRBV7-3*01,TRBJ1-2*01
21377,CAFTELNSGGSNYKLTF,TRAV38-1*01,TRAJ53*01
21377,CASSLSGGLLRTGELFF,TRBV27*01,TRBJ2-2*01
21378,CVVNTNAGKSTF,TRAV12-1*01,TRAJ27*01
21378,CASSGRVTGGFYNEQFF,TRBV9*01,TRBJ2-1*01
21380,CASSLVSPSEQFF,TRBV13*01,TRBJ2-1*01
21380,CAGPTTSGTYKYIF,TRAV35*01,TRAJ40*01
21381,CVVSASYNTDKLIF,TRAV10*01,TRAJ34*01
21381,CASSLFTGTNEQFF,TRBV28*01,TRBJ2-1*01
21382,CASSLDQGAQDNEQFF,TRBV28*01,TRBJ2-1*01
21382,CAVIDYKLSF,TRAV8-1*01,TRAJ20*01
21383,CAVRGTSGYALNF,TRAV3*01,TRAJ41*01
21383,CATSFAPGQGEHGYTF,TRBV15*01,TRBJ1-2*01
21384,CASSTSTGQGWHYGYTF,TRBV28*01,TRBJ1-2*01
21384,CAMSPLLETGANNLFF,TRAV12-3*01,TRAJ36*01
21385,CAYFGAQKLVF,TRAV38-1*01,TRAJ54*01
21385,CASRPSRGTNYGYTF,TRBV6-1*01,TRBJ1-2*01
21392,CASSQNYEQYF,TRBV7-8*01,TRBJ2-7*01
21392,CVVSDLYNTDKLIF,TRAV8-2*01,TRAJ34*01
21398,CALNPFNAGNMLTF,TRAV12-2*01,TRAJ39*01
21398,CSARVGDTGELFF,TRBV20-1*01,TRBJ2-2*01
21408,CAFMQFDMRF,TRAV38-1*01,TRAJ43*01
21408,CASTPGGYEQYF,TRBV2*01,TRBJ2-7*01
21438,CASSPGVGTEAFF,TRBV6-2*01,TRBJ1-1*01
21438,CATDRGTDKLIF,TRAV17*01,TRAJ34*01
21439,CASSPGASYEQYF,TRBV4-1*01,TRBJ2-7*01
21439,CAEGDTGRRALTF,TRAV5*01,TRAJ5*01
21440,CASSLPLGYEQYF,TRBV6-1*01,TRBJ2-7*01
21440,CAGMDSNYQLIW,TRAV8-3*01,TRAJ33*01
21441,CASSQDSHSTSTDTQYF,TRBV3-1*01,TRBJ2-3*01
21441,CALQGWVRGADGLTF,TRAV38-1*01,TRAJ45*01
21443,CASSLLPEGTGRVSGYTF,TRBV13*01,TRBJ1-2*01
21443,CAVATDSWGKLQF,TRAV21*01,TRAJ24*01
21446,CALEVRSSASKIIF,TRAV19*01,TRAJ3*01
21446,CSANPRTTLYEQYF,TRBV20-1*01,TRBJ2-7*01
21447,CATSSEDSSNQPQHF,TRBV15*01,TRBJ1-5*01
21447,CVVRGMDSSYKLIF,TRAV10*01,TRAJ12*01
21449,CASSLASGSNQPQHF,TRBV7-9*01,TRBJ1-5*01
21449,CALSESYSGAGSYQLTF,TRAV19*01,TRAJ28*01
21450,CILRDTVGSQGNLIF,TRAV26-2*01,TRAJ42*01
21450,CASSESQGDYYGYTF,TRBV7-8*01,TRBJ1-2*01
21451,CASSPHAGGVDEKLFF,TRBV18*01,TRBJ1-4*01
21451,CAVYGGATNKLIF,TRAV1-2*01,TRAJ32*01
21452,CLVGDVEGSQGNLIF,TRAV4*01,TRAJ42*01
21452,CASSHHSGGIYNEQFF,TRBV6-5*01,TRBJ2-1*01
21453,CASSLMGGGNTIYF,TRBV2*01,TRBJ1-3*01
21453,CAANSGNTPLVF,TRAV29/DV5*01,TRAJ29*01
21458,CASSLGRYNEQFF,TRBV13*01,TRBJ2-1*01
21458,CGTETNTGNQFYF,TRAV30*01,TRAJ49*01
21462,CASSYVGNTGELFF,TRBV6-5*01,TRBJ2-2*01
21462,CAVRPTSGGSYIPTF,TRAV21*01,TRAJ6*01
21533,CATDAGPEKLVF,TRAV17*01,TRAJ57*01
21533,CASRQLAGFYEQYF,TRBV6-6*01,TRBJ2-7*01
21651,CATSRVKTSGGYEQYF,TRBV15*01,TRBJ2-7*01
21651,CALDMFSGGYNKLIF,TRAV16*01,TRAJ4*01
21663,CAISDPRDSYEQYF,TRBV10-3*01,TRBJ2-7*01
21663,CALSEAGGFGNEKLTF,TRAV19*01,TRAJ48*01
21671,CAILMDSNYQLIW,TRAV21*01,TRAJ33*01
21671,CASSEDGMNTEAFF,TRBV10-2*01,TRBJ1-1*01
21674,CAWSVPLGRREKLFF,TRBV30*01,TRBJ1-4*01
21674,CAYRSAFKLTF,TRAV38-2/DV8*01,TRAJ48*01
21960,CASRPGTASYEQYF,TRBV28*01,TRBJ2-7*01
21960,CAVSDKNRDDKIIF,TRAV8-6*02,TRAJ30*01
21963,CASSVVGDEQYF,TRBV9*01,TRBJ2-7*01
21963,CVAWGGYSSASKIIF,TRAV12-1*01,TRAJ3*01
22486,CVASGGTGKLIF,TRAV12-1*01,TRAJ37*01
22486,CATSEAASSWTGELFF,TRBV24-1*01,TRBJ2-2*01
22560,CVVNGNNNDMRF,TRAV12-1*01,TRAJ43*01
22560,CASSQGFGANVLTF,TRBV19*01,TRBJ2-6*01
22565,CAVRALGNAGNMLTF,TRAV3*01,TRAJ39*01
22565,CASSPNPQGANMDTQYF,TRBV4-3*01,TRBJ2-3*01
22566,CASSELPAGGTNEQFF,TRBV10-2*01,TRBJ2-1*01
22566,CAVPDDAGNMLTF,TRAV12-2*01,TRAJ39*01
22574,CAARPDSNYQLIW,TRAV8-1*01,TRAJ33*01
22574,CASSQGGDEQFF,TRBV4-2*01,TRBJ2-1*01
22575,CATDDSGGYQKVTF,TRAV17*01,TRAJ13*01
22575,CASSGELRGAEKLFF,TRBV12-3*01,TRBJ1-4*01
22576,CASSYGGEQPQHF,TRBV6-5*01,TRBJ1-5*01
22576,CAAPGNYGQNFVF,TRAV13-1*01,TRAJ26*01
22586,CAVTGNQFYF,TRAV6*01,TRAJ49*01
22586,CSASPGYNEQFF,TRBV20-1*01,TRBJ2-1*01
22625,CAYRSAGSGGSNYKLTF,TRAV38-2/DV8*01,TRAJ53*01
22625,CASSLMTNQPQHF,TRBV27*01,TRBJ1-5*01
22634,CAVNAGNNRKLIW,TRAV1-2*01,TRAJ38*01
22634,CASSLAGTGGRFSYEQYF,TRBV13*01,TRBJ2-7*01
22728,CASSLGDRGRGYGYTF,TRBV5-6*01,TRBJ1-2*01
22728,CAVSWGYGGATNKLIF,TRAV1-2*01,TRAJ32*01
25739,CASSQGTISYEQYF,TRBV14*01,TRBJ2-7*01
25739,CAAADDKIIF,TRAV12-2*01,TRAJ30*01
25965,CASSPTSAPGLFSGNTIYF,TRBV7-2*01,TRBJ1-3*01
25965,CAVRSTFGNEKLTF,TRAV41*01,TRAJ48*01
28804,CASTTYNEQFF,TRBV19*01,TRBJ2-1*01
28804,CAVEGADGLTF,TRAV36/DV7*01,TRAJ45*01
28822,CASSLAAGGSYGYTF,TRBV12-3*01,TRBJ1-2*01
28822,CATDADDKIIF,TRAV17*01,TRAJ30*01
28890,CSANDRGRGYNSPLHF,TRBV20-1*01,TRBJ1-6*01
28890,CAVRSYNTDKLIF,TRAV41*01,TRAJ34*01
29718,CASSLGPVYEQYF,TRBV5-6*01,TRBJ2-7*01
29718,CALYTGANSKLTF,TRAV19*01,TRAJ56*01
29727,CAASSVATDKLIF,TRAV13-1*01,TRAJ34*01
29727,CASSESRSGNQPQHF,TRBV6-1*01,TRBJ1-5*01
29729,CASSHQAGALYNEQFF,TRBV7-9*01,TRBJ2-1*01
29729,CAFEDSGGSNYKLTF,TRAV38-1*01,TRAJ53*01
29730,CALTGGSTLGRLYF,TRAV19*01,TRAJ18*01
29730,CASSLNSGHTQYF,TRBV27*01,TRBJ2-3*01
29731,CATGTGGNDYEQYF,TRBV15*01,TRBJ2-7*01
29731,CALIQGAQKLVF,TRAV16*01,TRAJ54*01
29732,CATEPRGGYQKVTF,TRAV17*01,TRAJ13*01
29732,CASSNRGYDEQYF,TRBV9*01,TRBJ2-7*01
29734,CAVGRTGTYKYIF,TRAV8-3*01,TRAJ40*01
29734,CASSQYAVRVGDTEAFF,TRBV14*01,TRBJ1-1*01
29737,CASSFGGGLQETQYF,TRBV12-3*01,TRBJ2-5*01
29737,CAVSDEGTGGFKTIF,TRAV8-6*01,TRAJ9*01
29738,CAYRSVDMEYGNKLVF,TRAV38-2/DV8*01,TRAJ47*01
29738,CASSSTRGWADTQYF,TRBV27*01,TRBJ2-3*01
30072,CASSLEAVSIHGYTF,TRBV7-2*01,TRBJ1-2*01
30072,CAAGNYGGSQGNLIF,TRAV29/DV5*01,TRAJ42*01
30076,CASSWVPPGQGRTGELFF,TRBV27*01,TRBJ2-2*01
30076,CALDTYNQGGKLIF,TRAV6*01,TRAJ23*01
30077,CASSKGLAVDYTQYF,TRBV4-2*01,TRBJ2-3*01
30077,CAVTEGPYGGATNKLIF,TRAV8-6*02,TRAJ32*01
30078,CAVQAHDSNYQLIW,TRAV20*01,TRAJ33*01
30078,CASRRTGVVEKLFF,TRBV4-1*01,TRBJ1-4*01
30080,CASSLAGYEQYF,TRBV5-1*01,TRBJ2-7*01
30080,CAVDIRAGNMLTF,TRAV39*01,TRAJ39*01
30088,CASSVSQGYEQFF,TRBV9*01,TRBJ2-1*01
30088,CVVNSLKDSSYKLIF,TRAV12-1*01,TRAJ12*01
30090,CASSLSLGQGAPNYGYTF,TRBV5-4*01,TRBJ1-2*01
30090,CAEIGNNNARLMF,TRAV5*01,TRAJ31*01
30091,CAWSVTPGYNEQFF,TRBV30*01,TRBJ2-1*01
30091,CATRPLGSSNTGKLIF,TRAV17*01,TRAJ37*01
30095,CASSITDRVHAGANVLTF,TRBV19*01,TRBJ2-6*01
30095,CAVSDRSGGGADGLTF,TRAV8-6*01,TRAJ45*01
30112,CASSLYGSRPQHF,TRBV7-9*01,TRBJ1-5*01
30112,CAMSAMGAQKLVF,TRAV12-3*01,TRAJ54*01
30116,CAASSWPSGSARQLTF,TRAV23/DV6*01,TRAJ22*01
30116,CASSQGETQYF,TRBV4-1*01,TRBJ2-5*01
30139,CAVERGGADGLTF,TRAV22*01,TRAJ45*01
30139,CASSWREGTDTQYF,TRBV6-5*01,TRBJ2-3*01
30144,CASSIATGLNQPQHF,TRBV19*01,TRBJ1-5*01
30144,CAVRADRGSTLGRLYF,TRAV1-1*01,TRAJ18*01
30154,CASSQGGGVNEQFF,TRBV18*01,TRBJ2-1*01
30154,CALSEGNARLMF,TRAV19*01,TRAJ31*01
30168,CASSLVGYEQYF,TRBV13*01,TRBJ2-7*01
30168,CALRVNNAGNMLTF,TRAV19*01,TRAJ39*01
30231,CAMSDRGSTLGRLYF,TRAV12-3*01,TRAJ18*01
30231,CASSLIRDITYEQYF,TRBV27*01,TRBJ2-7*01
30246,CAINKESDSYEQYF,TRBV28*01,TRBJ2-7*01
30246,CALGSSSGSARQLTF,TRAV17*01,TRAJ22*01
30403,CAVYDSNYQLIW,TRAV1-2*01,TRAJ33*01
30403,CASSEALSGGSETQYF,TRBV6-1*01,TRBJ2-5*01
30755,CAVGAGNQFYF,TRAV8-3*01,TRAJ49*01
30755,CASKHSGTGVLARELFF,TRBV7-9*01,TRBJ2-2*01
30977,CAVDANNDMRF,TRAV39*01,TRAJ43*01
30977,CASSPSYNEQFF,TRBV12-4*01,TRBJ2-1*01
30984,CSASSTHSNQPQHF,TRBV20-1*01,TRBJ1-5*01
30984,CLVPSEQAGTALIF,TRAV4*01,TRAJ15*01
30985,CASSLTGGGYEQYF,TRBV28*01,TRBJ2-7*01
30985,CALNDYKLSF,TRAV9-2*01,TRAJ20*01
30988,CASSIAGNNEQFF,TRBV19*01,TRBJ2-1*01
30988,CAVLVPGNQFYF,TRAV8-4*01,TRAJ49*01
30989,CASSVGGGGSTDTQYF,TRBV9*01,TRBJ2-3*01
30989,CATEDNAGNMLTF,TRAV17*01,TRAJ39*01
30990,CASSIALSTFQPQHF,TRBV19*01,TRBJ1-5*01
30990,CAYGDDKIIF,TRAV38-2/DV8*01,TRAJ30*01
30991,CAGGYNNNDMRF,TRAV27*01,TRAJ43*01
30991,CASSLGEPQHF,TRBV6-6*01,TRBJ1-5*01
30993,CAETLNTGFQKLVF,TRAV5*01,TRAJ8*01
30993,CASRTLRGHVSEAFF,TRBV28*01,TRBJ1-1*01
30994,CAVDDFSGGTSYGKLTF,TRAV12-2*01,TRAJ52*01
30994,CASSFPGYGYTF,TRBV28*01,TRBJ1-2*01
30995,CAVSFFNQAGTALIF,TRAV8-4*01,TRAJ15*01
30995,CASSKKGLSNEQFF,TRBV12-4*01,TRBJ2-1*01
30996,CASSLMVNEQYF,TRBV5-6*01,TRBJ2-7*01
30996,CARNSGGYQKVTF,TRAV24*01,TRAJ13*01
30997,CVVRDGGYNKLIF,TRAV8-2*01,TRAJ4*01
30997,CATFTGNTEAFF,TRBV10-3*01,TRBJ1-1*01
31002,CAGPIGTSYDKVIF,TRAV35*01,TRAJ50*01
31002,CASSSAHYGYTF,TRBV12-4*01,TRBJ1-2*01
31534,CAVMKDSNYQLIW,TRAV8-1*01,TRAJ33*01
31534,CASSSYRKEKLFF,TRBV19*01,TRBJ1-4*01
31567,CAISESNDGNEQFF,TRBV10-3*01,TRBJ2-1*01
31567,CVVSDRNFNKFYF,TRAV8-2*01,TRAJ21*01
31595,CASSSQSTGTAGVYEQYF,TRBV28*01,TRBJ2-7*01
31595,CIVRSPQGSNYKLTF,TRAV26-1*01,TRAJ53*01
31685,CATDDNYGQNFVF,TRAV17*01,TRAJ26*01
31685,CASSLGGHGQPQHF,TRBV12-3*01,TRBJ1-5*01
31700,CAVRDEYGGSQGNLIF,TRAV1-2*01,TRAJ42*01
31700,CASSFEVRVDTEAFF,TRBV7-9*01,TRBJ1-1*01
31701,CASWGPGTEGAYEQYF,TRBV27*01,TRBJ2-7*01
31701,CATKGGGTSYGKLTF,TRAV17*01,TRAJ52*01
31704,CAGPPRNAGGTSYGKLTF,TRAV35*01,TRAJ52*01
31704,CASATWGDPNQPQHF,TRBV19*01,TRBJ1-5*01
31705,CASSLAGGSLSYEQYF,TRBV12-4*01,TRBJ2-7*01
31705,CAVEFYF,TRAV1-1*01,TRAJ21*01
31708,CASSPTSGSRETQYF,TRBV6-2*01,TRBJ2-5*01
31708,CALSLIIYNQGGKLIF,TRAV19*01,TRAJ23*01
31712,CASSPGSLGHRASTDTQYF,TRBV6-2*01,TRBJ2-3*01
31712,CAVSDRGYSTLTF,TRAV8-6*01,TRAJ11*01
31724,CASSPYPRTGGTDTQYF,TRBV27*01,TRBJ2-3*01
31724,CAMREGGSAGNQFYF,TRAV14/DV4*01,TRAJ49*01
31729,CASSDPTGGYETQYF,TRBV12-4*01,TRBJ2-5*01
31729,CAVNNARLMF,TRAV22*01,TRAJ31*01
31732,CASSLRQGEYNEQFF,TRBV9*01,TRBJ2-1*01
31732,CVVSAGGNNRLAF,TRAV10*01,TRAJ7*01
31734,CAADNTDKLIF,TRAV29/DV5*01,TRAJ34*01
31734,CASSTSGETGELFF,TRBV12-4*01,TRBJ2-2*01
31737,CAPDSWGKLQF,TRAV12-3*01,TRAJ24*01
31737,CASSFGASGSVGELFF,TRBV12-3*01,TRBJ2-2*01
31738,CASSIDLSEGDTNQPQHF,TRBV19*01,TRBJ1-5*01
31738,CAFMKHIRWSGNQFYF,TRAV38-1*01,TRAJ49*01
31739,CASRRSLQGARGGYTF,TRBV28*01,TRBJ1-2*01
31739,CAVRMDSSYKLIF,TRAV21*01,TRAJ12*01
31740,CASSVDRGAYNEQFF,TRBV7-2*01,TRBJ2-1*01
31740,CAASYLRISGTYKYIF,TRAV29/DV5*01,TRAJ40*01
31741,CASSSETGWGTEAFF,TRBV5-1*01,TRBJ1-1*01
31741,CAHGDARLMF,TRAV38-2/DV8*01,TRAJ31*01
31744,CAASSSGNTPLVF,TRAV29/DV5*01,TRAJ29*01
31744,CAWSWTDYEQYF,TRBV30*01,TRBJ2-7*01
31745,CAGTSGTYKYIF,TRAV25*01,TRAJ40*01
31745,CATRERQGWVEAFF,TRBV6-1*01,TRBJ1-1*01
31749,CASSPGDPSTDTQYF,TRBV5-1*01,TRBJ2-3*01
31749,CAVRADGDYKLSF,TRAV1-2*01,TRAJ20*01
31751,CASSLFPGQDRGRDQPQHF,TRBV28*01,TRBJ1-5*01
31751,CAYRGNRDDKIIF,TRAV38-2/DV8*01,TRAJ30*01
31753,CVGNAGGTSYGKLTF,TRAV10*01,TRAJ52*01
31753,CASSPTANEKLFF,TRBV19*01,TRBJ1-4*01
31754,CAGARGGSQGNLIF,TRAV27*01,TRAJ42*01
31754,CASSFAGLNYGYTF,TRBV27*01,TRBJ1-2*01
31756,CAVGVDTGTASKLTF,TRAV8-3*01,TRAJ44*01
31756,CASSPGTDTQYF,TRBV5-1*01,TRBJ2-3*01
31757,CASSPRSSGGRYNEQFF,TRBV18*01,TRBJ2-1*01
31757,CVVSGYGGSQGNLIF,TRAV8-2*01,TRAJ42*01
31762,CASSSGEGTEAYNEQFF,TRBV7-9*01,TRBJ2-1*01
31762,CALRGGTSYGKLTF,TRAV16*01,TRAJ52*01
31770,CALRQFKAAGNKLTF,TRAV16*01,TRAJ17*01
31770,CASVYLAGTMDTQYF,TRBV2*01,TRBJ2-3*01
31772,CALNPQNAGNMLTF,TRAV19*01,TRAJ39*01
31772,CASSLLGYEQYF,TRBV12-3*01,TRBJ2-7*01
31773,CASSLSGGGHTDTQYF,TRBV7-6*01,TRBJ2-3*01
31773,CAVRPAANQAGTALIF,TRAV3*01,TRAJ15*01
31775,CASSPYPSRGSNEQFF,TRBV4-2*01,TRBJ2-1*01
31775,CALRGMTTDSWGKLQF,TRAV6*01,TRAJ24*01
31776,CAMREHSGNTPLVF,TRAV14/DV4*01,TRAJ29*01
31776,CASSYSSRLQYF,TRBV6-2*01,TRBJ2-7*01
31779,CAASIQGTYKYIF,TRAV13-1*01,TRAJ40*01
31779,CASSWTQETQYF,TRBV7-9*01,TRBJ2-5*01
31780,CASSYFPYDLYEQYF,TRBV6-5*01,TRBJ2-7*01
31780,CAATDNNAGGTSYGKLTF,TRAV29/DV5*01,TRAJ52*01
31781,CGADVSGTYKYIF,TRAV34*01,TRAJ40*01
31781,CASRIGTTNEQYF,TRBV12-3*01,TRBJ2-7*01
31782,CAASRAMYSGGGADGLTF,TRAV13-1*01,TRAJ45*01
31782,CASSLEGDPSYEQYF,TRBV13*01,TRBJ2-7*01
31783,CAENMIPGGGADGLTF,TRAV13-2*01,TRAJ45*01
31783,CASSLLSGSSYEQYF,TRBV5-5*01,TRBJ2-7*01
31784,CAESGKAGYALNF,TRAV5*01,TRAJ41*01
31784,CASSVGVSNQPQHF,TRBV6-2*01,TRBJ1-5*01
31785,CAGGRHTGNQFYF,TRAV27*01,TRAJ49*01
31785,CASSDQLLEEWSSYNEQFF,TRBV6-1*01,TRBJ2-1*01
31789,CAVNPGNYGGATNKLIF,TRAV12-2*01,TRAJ32*01
31789,CATGTGGGYGYTF,TRBV25-1*01,TRBJ1-2*01
31790,CSVELSHSYEQYF,TRBV29-1*01,TRBJ2-7*01
31790,CVARPSIYNQGGKLIF,TRAV12-1*01,TRAJ23*01
31799,CATFAASKEQFF,TRBV27*01,TRBJ2-1*01
31799,CVMDSSYKLIF,TRAV12-1*01,TRAJ12*01
31800,CVVSDRGDMRF,TRAV8-2*01,TRAJ43*01
31800,CASSLELAGVDTQYF,TRBV5-1*01,TRBJ2-3*01
31802,CASFDRTQGFSGANVLTF,TRBV5-6*01,TRBJ2-6*01
31802,CAVRSGGYNKLIF,TRAV8-4*01,TRAJ4*01
31803,CAGPQNTGTASKLTF,TRAV27*01,TRAJ44*01
31803,CASSAHTSGGKNIQYF,TRBV11-2*01,TRBJ2-4*01
31808,CATSRDWTGSAETQYF,TRBV15*01,TRBJ2-5*01
31808,CAVKDTDKLIF,TRAV8-1*01,TRAJ34*01
31810,CAYRSGNQFYF,TRAV38-2/DV8*01,TRAJ49*01
31810,CASSLGDVQNTEAFF,TRBV7-9*01,TRBJ1-1*01
31816,CASSIGTGRTHNEQFF,TRBV5-1*01,TRBJ2-1*01
31816,CVVRHTPLVF,TRAV8-2*01,TRAJ29*01
31819,CASSLGFNEQYF,TRBV11-1*01,TRBJ2-7*01
31819,CAAASGYGQNFVF,TRAV1-1*01,TRAJ26*01
31820,CASSLDGPSGSPHEQYF,TRBV5-1*01,TRBJ2-7*01
31820,CATAPFYGGATNKLIF,TRAV17*01,TRAJ32*01
31821,CAVDTGGFKTIF,TRAV12-2*01,TRAJ9*01
31821,CASSLGGTSTAETQYF,TRBV7-8*01,TRBJ2-5*01
31822,CASTPGQGASTEAFF,TRBV6-6*01,TRBJ1-1*01
31822,CAYEGYGGSQGNLIF,TRAV38-2/DV8*01,TRAJ42*01
31823,CAADNSGGYQKVTF,TRAV21*01,TRAJ13*01
31823,CSVEIGWGQGDNGDYGYTF,TRBV29-1*01,TRBJ1-2*01
31827,CASSPQNSYNEQFF,TRBV7-9*01,TRBJ2-1*01
31827,CVVNMLKTSYDKVIF,TRAV12-1*01,TRAJ50*01
31828,CAESTSGSARQLTF,TRAV5*01,TRAJ22*01
31828,CASSPPGTPPNYGYTF,TRBV7-9*01,TRBJ1-2*01
31829,CASSLGRTGANTGELFF,TRBV11-2*01,TRBJ2-2*01
31829,CAFIKNRDDKIIF,TRAV38-1*01,TRAJ30*01
31832,CAMSQTQGGSEKLVF,TRAV14/DV4*01,TRAJ57*01
31832,CATSSMGYSNQPQHF,TRBV15*01,TRBJ1-5*01
31833,CASSAYNEQFF,TRBV27*01,TRBJ2-1*01
31833,CATGSGYALNF,TRAV17*01,TRAJ41*01
31835,CAWDSYNQPQHF,TRBV30*01,TRBJ1-5*01
31835,CAVQARGSYIPTF,TRAV20*01,TRAJ6*01
31836,CAVRDTGNAGNMLTF,TRAV1-2*01,TRAJ39*01
31836,CASSLLAVDNEQFF,TRBV5-1*01,TRBJ2-1*01
31839,CVGSNNARLMF,TRAV12-1*01,TRAJ31*01
31839,CSVEDPDRDGYTF,TRBV29-1*01,TRBJ1-2*01
31840,CVVPTPQSGGSYIPTF,TRAV12-1*01,TRAJ6*01
31840,CASSLSYNSPLHF,TRBV7-6*01,TRBJ1-6*01
31841,CAYRGENQAGTALIF,TRAV38-2/DV8*01,TRAJ15*01
31841,CASSEFGTFQETQYF,TRBV2*01,TRBJ2-5*01
31843,CAAFSGFGNEKLTF,TRAV13-1*01,TRAJ48*01
31843,CASSLGGEQYF,TRBV27*01,TRBJ2-7*01
31844,CASSIQNTGELFF,TRBV19*01,TRBJ2-2*01
31844,CAAGDRGSTLGRLYF,TRAV13-1*01,TRAJ18*01
31845,CAALNNARLMF,TRAV13-1*01,TRAJ31*01
31845,CSLSGGQHNEQFF,TRBV29-1*01,TRBJ2-1*01
31846,CAARGNTDKLIF,TRAV23/DV6*01,TRAJ34*01
31846,CSARTGGDGYTF,TRBV20-1*01,TRBJ1-2*01
31847,CAASAGKFYF,TRAV29/DV5*01,TRAJ21*01
31847,CASSSGRAGITDTQYF,TRBV11-2*01,TRBJ2-3*01
31848,CASSQGSRPEQYF,TRBV4-2*01,TRBJ2-7*01
31848,CAASANGNQFYF,TRAV29/DV5*01,TRAJ49*01
31849,CASSQAGTGFYGYTF,TRBV4-1*01,TRBJ1-2*01
31849,CAASAPEYGNKLVF,TRAV29/DV5*01,TRAJ47*01
31850,CAASDNGNQFYF,TRAV29/DV5*01,TRAJ49*01
31850,CASSQEIGVYGYTF,TRBV14*01,TRBJ1-2*01
31851,CASSENEQFF,TRBV12-3*01,TRBJ2-1*01
31851,CAASEVPTYKYIF,TRAV29/DV5*01,TRAJ40*01
31854,CASSLAGQENQPQHF,TRBV27*01,TRBJ1-5*01
31854,CAASSTGAGSYQLTF,TRAV29/DV5*01,TRAJ28*01
31855,CAASVGTYKYIF,TRAV29/DV5*01,TRAJ40*01
31855,CASSRTGSSYNEQFF,TRBV27*01,TRBJ2-1*01
31856,CASSVSQKLFF,TRBV2*01,TRBJ1-4*01
31856,CAASVGTYKYIF,TRAV29/DV5*01,TRAJ40*01
31857,CASSQEAREVVYEQYF,TRBV4-2*01,TRBJ2-7*01
31857,CAASYYLPWLDAGNMLTF,TRAV23/DV6*01,TRAJ39*01
31858,CASSQDHPGGYEQYF,TRBV4-3*01,TRBJ2-7*01
31858,CAATMNRDDKIIF,TRAV36/DV7*01,TRAJ30*01
31861,CAFMGNNDMRF,TRAV38-1*01,TRAJ43*01
31861,CAISEEVSGGVGANEQFF,TRBV10-3*01,TRBJ2-1*01
31862,CASSLASTGLTQETQYF,TRBV7-9*01,TRBJ2-5*01
31862,CAFMKLWGRGNEKLTF,TRAV38-1*01,TRAJ48*01
31863,CASTLGTEAFF,TRBV19*01,TRBJ1-1*01
31863,CAFMTLSLTGGFKTIF,TRAV38-1*01,TRAJ9*01
31865,CASRGEGSYEQYF,TRBV7-2*01,TRBJ2-7*01
31865,CAGDSSYKLIF,TRAV22*01,TRAJ12*01
31867,CAGGMNTGFQKLVF,TRAV25*01,TRAJ8*01
31867,CASSFGGRSTDTQYF,TRBV5-1*01,TRBJ2-3*01
31868,CASSLDLGVDYGYTF,TRBV7-6*01,TRBJ1-2*01
31868,CAGHDISNSGYALNF,TRAV35*01,TRAJ41*01
31869,CASSQDPPDTQYF,TRBV3-1*01,TRBJ2-3*01
31869,CAGPPDNNLFF,TRAV27*01,TRAJ36*01
31871,CASSQGWGTQPQHF,TRBV3-1*01,TRBJ1-5*01
31871,CAGRDNYGQNFVF,TRAV25*01,TRAJ26*01
31872,CAGRGTSYGKLTF,TRAV25*01,TRAJ52*01
31872,CASFGGTGELFF,TRBV25-1*01,TRBJ2-2*01
31873,CAGRTGNQFYF,TRAV29/DV5*01,TRAJ49*01
31873,CASSLVPTADVLTF,TRBV12-4*01,TRBJ2-6*01
31874,CSGLLAGTDTQYF,TRBV29-1*01,TRBJ2-3*01
31874,CAGSPGDNYGQNFVF,TRAV27*01,TRAJ26*01
31875,CAGSPLRDGGGSNYKLTF,TRAV27*01,TRAJ53*01
31875,CASSLDRNTEAFF,TRBV28*01,TRBJ1-1*01
31877,CASSLYSPAHTEAFF,TRBV27*01,TRBJ1-1*01
31877,CAGVVNNAGNMLTF,TRAV27*01,TRAJ39*01
31878,CASSTYRQGYNEQFF,TRBV12-4*01,TRBJ2-1*01
31878,CAIDSGGGADGLTF,TRAV21*01,TRAJ45*01
31879,CALDAGGTSYGKLTF,TRAV6*01,TRAJ52*01
31879,CASSIGATEAFF,TRBV19*01,TRBJ1-1*01
31881,CASSLPGQMIRWDTEAFF,TRBV12-3*01,TRBJ1-1*01
31881,CALRGLSGSARQLTF,TRAV18*01,TRAJ22*01
31883,CASSSSDPPGNQPQHF,TRBV7-9*01,TRBJ1-5*01
31883,CALSEAGGSTLGRLYF,TRAV19*01,TRAJ18*01
31886,CASTVFQGSTNEQFF,TRBV27*01,TRBJ2-1*01
31886,CALSGGGSYIPTF,TRAV19*01,TRAJ6*01
31887,CALSGWGDSGGSNYKLTF,TRAV16*01,TRAJ53*01
31887,CASSVSGPPTGELFF,TRBV9*01,TRBJ2-2*01
31889,CATSREGAGTEAFF,TRBV15*01,TRBJ1-1*01
31889,CALSVRVGSGYSTLTF,TRAV19*01,TRAJ11*01
31891,CAMAFDTGGGADGLTF,TRAV17*01,TRAJ45*01
31891,CASSAFVETQYF,TRBV28*01,TRBJ2-5*01
31892,CASSSVAFDSGNTIYF,TRBV5-1*01,TRBJ1-3*01
31892,CAMGTSYDKVIF,TRAV14/DV4*01,TRAJ50*01
31894,CASSGTGVTGELFF,TRBV9*01,TRBJ2-2*01
31894,CAMLSDSSYKLIF,TRAV14/DV4*01,TRAJ12*01
31896,CAMREGSGSYQLTF,TRAV14/DV4*01,TRAJ28*01
31896,CASSIGRSPQHF,TRBV19*01,TRBJ1-5*01
31898,CASSLGGHGNEQFF,TRBV7-6*01,TRBJ2-1*01
31898,CAMREVNDYKLSF,TRAV14/DV4*01,TRAJ20*01
31899,CAMREVSGGSYIPTF,TRAV14/DV4*01,TRAJ6*01
31899,CASTLSTDRGFTGELFF,TRBV19*01,TRBJ2-2*01
31900,CAMRGFYTGTASKLTF,TRAV14/DV4*01,TRAJ44*01
31900,CASSQVGDEQFF,TRBV3-1*01,TRBJ2-1*01
31901,CAMSASRTDKLIF,TRAV12-3*01,TRAJ34*01
31901,CASSVTEMGGTEAFF,TRBV9*01,TRBJ1-1*01
31902,CAPLDSNYQLIW,TRAV1-2*01,TRAJ33*01
31902,CASSVGADEYYEQYF,TRBV9*01,TRBJ2-7*01
31906,CATDASRDDKIIF,TRAV17*01,TRAJ30*01
31906,CASSQGWDEQFF,TRBV4-2*01,TRBJ2-1*01
31910,CAVCVRNTGFQKLVF,TRAV20*01,TRAJ8*01
31910,CASSVGMTDYNEQFF,TRBV19*01,TRBJ2-1*01
31915,CAVGEGGNKLVF,TRAV8-3*01,TRAJ47*01
31915,CASSLRGTGAYGYTF,TRBV13*01,TRBJ1-2*01
31916,CAVKLKGAQKLVF,TRAV21*01,TRAJ54*01
31916,CASSEVRGPSYNEQFF,TRBV2*01,TRBJ2-1*01
31921,CAVNGNTGKLIF,TRAV8-1*01,TRAJ37*01
31921,CASSPEGLDNFF,TRBV5-1*01,TRBJ2-1*01
31922,CASSIYGTSGSNEQFF,TRBV19*01,TRBJ2-1*01
31922,CAVNMFSGGYNKLIF,TRAV12-2*01,TRAJ4*01
31924,CATSEIQGFSTDTQYF,TRBV24-1*01,TRBJ2-3*01
31924,CAVNPGDLMDSNYQLIW,TRAV12-2*01,TRAJ33*01
31927,CAVQEEGVGGGSYIPTF,TRAV20*01,TRAJ6*01
31927,CSVEQRDTGELFF,TRBV29-1*01,TRBJ2-2*01
31928,CASSLGSGQYQETQYF,TRBV12-3*01,TRBJ2-5*01
31928,CAVRASRMDSSYKLIF,TRAV3*01,TRAJ12*01
31929,CSARDLVGLAGDTDTQYF,TRBV20-1*01,TRBJ2-3*01
31929,CAVRDFSGNTPLVF,TRAV3*01,TRAJ29*01
31930,CASSSLSEAFF,TRBV27*01,TRBJ1-1*01
31930,CAVRDQDSNSGYALNF,TRAV1-2*01,TRAJ41*01
31933,CAVRSLSNFGNEKLTF,TRAV41*01,TRAJ48*01
31933,CASSFLSAGGGTDTQYF,TRBV27*01,TRBJ2-3*01
31935,CASALGAVDTQYF,TRBV6-5*01,TRBJ2-3*01
31935,CAVSGGSYIPTF,TRAV8-6*01,TRAJ6*01
31936,CAVSGMNTGFQKLVF,TRAV12-2*01,TRAJ8*01
31936,CASSLFPGQGSDDEQFF,TRBV14*01,TRBJ2-1*01
31937,CAVSKGTSGTYKYIF,TRAV8-4*01,TRAJ40*01
31937,CASSQASNQPQHF,TRBV4-1*01,TRBJ1-5*01
31938,CAVWLISNFGNEKLTF,TRAV20*01,TRAJ48*01
31938,CASSQVGTGVHEQFF,TRBV4-2*01,TRBJ2-1*01
31946,CILRDDGGTSYGKLTF,TRAV26-2*01,TRAJ52*01
31946,CASSLLPGNTGELFF,TRBV13*01,TRBJ2-2*01
31948,CASTGGPEGNQPQHF,TRBV7-9*01,TRBJ1-5*01
31948,CLLIYGGSQGNLIF,TRAV40*01,TRAJ42*01
31950,CVSPGYTNAGKSTF,TRAV8-2*01,TRAJ27*01
31950,CASILRAESSYNEQFF,TRBV5-6*01,TRBJ2-1*01
31954,CVVSDQYNFNKFYF,TRAV8-2*01,TRAJ21*01
31954,CASSLGTGGTEAFF,TRBV7-3*01,TRBJ1-1*01
31955,CSVVRGSYNEQFF,TRBV20-1*01,TRBJ2-1*01
31955,CAEEGGGADGLTF,TRAV13-2*01,TRAJ45*01
31956,CASSYRVGRSSYEQYF,TRBV6-5*01,TRBJ2-7*01
31956,CALHGSSNTGKLIF,TRAV6*01,TRAJ37*01
31959,CASSLYSGSFYEQYF,TRBV27*01,TRBJ2-7*01
31959,CAVHSINAGNNRKLIW,TRAV20*01,TRAJ38*01
31963,CASSEWTGNTEAFF,TRBV5-1*01,TRBJ1-1*01
31963,CAVRGVTGGGNKLTF,TRAV1-2*01,TRAJ10*01
31965,CASSQDRAGWIDEQFF,TRBV4-3*01,TRBJ2-1*01
31965,CLVGVPMDSNYQLIW,TRAV4*01,TRAJ33*01
31966,CVVSPNSGYALNF,TRAV10*01,TRAJ41*01
31966,CASSPERGEETQYF,TRBV11-2*01,TRBJ2-5*01
31967,CASSPPRLGAFF,TRBV2*01,TRBJ1-1*01
31967,CAGEGSSNTGKLIF,TRAV27*01,TRAJ37*01
31968,CASSPRTDQETQYF,TRBV6-2*01,TRBJ2-5*01
31968,CAMKRGTGGFKTIF,TRAV12-3*01,TRAJ9*01
31969,CAMREGRGDYKLSF,TRAV14/DV4*01,TRAJ20*01
31969,CASSLDLTETQYF,TRBV7-6*01,TRBJ2-5*01
31970,CAMRKTNDMRF,TRAV14/DV4*01,TRAJ43*01
31970,CASSLGTSGRAGETQYF,TRBV7-3*01,TRBJ2-5*01
31971,CASSYLTGADGYTF,TRBV6-2*01,TRBJ1-2*01
31971,CATDARGTSYGKLTF,TRAV17*01,TRAJ52*01
31972,CASSLDNQPQHF,TRBV7-9*01,TRBJ1-5*01
31972,CAVQESMDSNYQLIW,TRAV20*01,TRAJ33*01
31973,CAYRSAPAGAQKLVF,TRAV38-2/DV8*01,TRAJ54*01
31973,CASSALTGPNTEAFF,TRBV25-1*01,TRBJ1-1*01
31975,CAARGDNNDMRF,TRAV29/DV5*01,TRAJ43*01
31975,CSVDQGSGELFF,TRBV29-1*01,TRBJ2-2*01
31978,CASSQDSSETQYF,TRBV3-1*01,TRBJ2-5*01
31978,CAAYRLSGAGSYQLTF,TRAV21*01,TRAJ28*01
31979,CAESILFSGGYNKLIF,TRAV5*01,TRAJ4*01
31979,CASSIETGTEITGELFF,TRBV19*01,TRBJ2-2*01
31980,CASSRVGSPLHF,TRBV6-1*01,TRBJ1-6*01
31980,CAETNNNNDMRF,TRAV13-2*01,TRAJ43*01
31981,CASSLARIYTYNEQFF,TRBV7-8*01,TRBJ2-1*01
31981,CAGHATTSGTYKYIF,TRAV27*01,TRAJ40*01
31982,CAISERDFQETQYF,TRBV10-3*01,TRBJ2-5*01
31982,CAGLGTGRRALTF,TRAV3*01,TRAJ5*01
31985,CASLDRVGGYTF,TRBV5-6*01,TRBJ1-2*01
31985,CAGQLVTDKLIF,TRAV35*01,TRAJ34*01
31986,CASSTYRGQPQHF,TRBV28*01,TRBJ1-5*01
31986,CAMREASASGGSYIPTF,TRAV14/DV4*01,TRAJ6*01
31987,CAMRGRSGSARQLTF,TRAV14/DV4*01,TRAJ22*01
31987,CASRDTSGGPDTQYF,TRBV2*01,TRBJ2-3*01
31989,CASSLGTSGSTDTQYF,TRBV28*01,TRBJ2-3*01
31989,CAMSTFNYGQNFVF,TRAV12-3*01,TRAJ26*01
31991,CATDTGFQKLVF,TRAV17*01,TRAJ8*01
31991,CASSLPGWEQYF,TRBV28*01,TRBJ2-7*01
31993,CASRSTGYLEQYF,TRBV27*01,TRBJ2-7*01
31993,CAVKSNAGGTSYGKLTF,TRAV39*01,TRAJ52*01
32000,CASSYDRGFYNEQFF,TRBV6-6*01,TRBJ2-1*01
32000,CIVRVTGYGQNFVF,TRAV26-1*01,TRAJ26*01
32001,CASSPSGLAGYNEQFF,TRBV28*01,TRBJ2-1*01
32001,CALSVSNFGNEKLTF,TRAV19*01,TRAJ48*01
32002,CAPEGGNTGKLIF,TRAV5*01,TRAJ37*01
32002,CASSLHLMNTEAFF,TRBV5-6*01,TRBJ1-1*01
32005,CAGFLNYGGSQGNLIF,TRAV27*01,TRAJ42*01
32005,CASSQVVTDNEQFF,TRBV4-3*01,TRBJ2-1*01
32006,CASSEALAGSTDTQYF,TRBV2*01,TRBJ2-3*01
32006,CAVRGSGTYKYIF,TRAV12-2*01,TRAJ40*01
32008,CAGDSGGSNYKLTF,TRAV25*01,TRAJ53*01
32008,CASSPRPGPNQPQHF,TRBV7-6*01,TRBJ1-5*01
32015,CAVRIQGAQKLVF,TRAV8-6*01,TRAJ54*01
32015,CAIRDNNEQFF,TRBV10-3*01,TRBJ2-1*01
32017,CAAPSWVYGNKLVF,TRAV13-1*01,TRAJ47*01
32017,CASSEAFSGNTIYF,TRBV6-1*01,TRBJ1-3*01
32019,CASSLENTGELFF,TRBV5-1*01,TRBJ2-2*01
32019,CAASEGSGDMRF,TRAV29/DV5*01,TRAJ43*01
32021,CASSVVSGGHQPQHF,TRBV19*01,TRBJ1-5*01
32021,CAASTGTASKLTF,TRAV23/DV6*01,TRAJ44*01
32023,CAEALRGNQGGKLIF,TRAV13-2*01,TRAJ23*01
32023,CASSLAQYYQPQHF,TRBV28*01,TRBJ1-5*01
32024,CAETPGSQGNLIF,TRAV5*01,TRAJ42*01
32024,CASSTSLLAQHF,TRBV7-9*01,TRBJ1-5*01
32025,CAFKGTYKYIF,TRAV38-1*01,TRAJ40*01
32025,CASSIDRWTQGNQPQHF,TRBV19*01,TRBJ1-5*01
32028,CSARYRDTGELFF,TRBV20-1*01,TRBJ2-2*01
32028,CAGREAGNMLTF,TRAV27*01,TRAJ39*01
32029,CASSLNWREITDTQYF,TRBV7-8*01,TRBJ2-3*01
32029,CAGYSGYSTLTF,TRAV25*01,TRAJ11*01
32030,CASSQVRQGLNQPQHF,TRBV14*01,TRBJ1-5*01
32030,CALRGVYNQGGKLIF,TRAV19*01,TRAJ23*01
32031,CALSEAEGQNFVF,TRAV19*01,TRAJ26*01
32031,CASSQDPETGRTDTQYF,TRBV4-1*01,TRBJ2-3*01
32032,CALSESTAGGADGLTF,TRAV19*01,TRAJ45*01
32032,CASRGLGSGGYEQYF,TRBV7-8*01,TRBJ2-7*01
32033,CSARLRDKDYEQYF,TRBV20-1*01,TRBJ2-7*01
32033,CAMRGSVSSFYNQGGKLIF,TRAV14/DV4*01,TRAJ23*01
32034,CASSLALTFSGEGSPLHF,TRBV7-2*01,TRBJ1-6*01
32034,CAPEPDSSYKLIF,TRAV24*01,TRAJ12*01
32035,CASIAYSNQPQHF,TRBV28*01,TRBJ1-5*01
32035,CARVEGGYQKVTF,TRAV36/DV7*01,TRAJ13*01
32037,CASTFAHAGDSNEQFF,TRBV27*01,TRBJ2-1*01
32037,CAVAFAGKLIF,TRAV21*01,TRAJ37*01
32038,CAVAHNTNAGKSTF,TRAV8-3*01,TRAJ27*01
32038,CASSLTNPRQGAYNEQFF,TRBV27*01,TRBJ2-1*01
32039,CAVAPGYSSASKIIF,TRAV12-2*01,TRAJ3*01
32039,CASSQDAGITYEQYF,TRBV4-2*01,TRBJ2-7*01
32040,CAVEGWNTDKLIF,TRAV36/DV7*01,TRAJ34*01
32040,CSALGAVGAGIHYEQYF,TRBV20-1*01,TRBJ2-7*01
32041,CAVGANQAGTALIF,TRAV2*01,TRAJ15*01
32041,CASSLNNEQFF,TRBV5-1*01,TRBJ2-1*01
32042,CASRTTTGTGSSGNTIYF,TRBV7-9*01,TRBJ1-3*01
32042,CAVGSGAGSYQLTF,TRAV20*01,TRAJ28*01
32043,CAVGWSGGGADGLTF,TRAV8-3*01,TRAJ45*01
32043,CASITRLAGELFF,TRBV13*01,TRBJ2-2*01
32045,CASSSDPSTDTQYF,TRBV27*01,TRBJ2-3*01
32045,CAVLHSGTYKYIF,TRAV21*01,TRAJ40*01
32046,CASSYSTSQGANYEQYF,TRBV6-2*01,TRBJ2-7*01
32046,CAVRDDDTGGFKTIF,TRAV1-2*01,TRAJ9*01
32047,CAVSGGPGTYKYIF,TRAV21*01,TRAJ40*01
32047,CASSPSGRGGNEQFF,TRBV6-5*01,TRBJ2-1*01
32048,CAYRSNRDDKIIF,TRAV38-2/DV8*01,TRAJ30*01
32048,CASSIGDGILLTDTQYF,TRBV19*01,TRBJ2-3*01
32049,CAYYYNTDKLIF,TRAV38-2/DV8*01,TRAJ34*01
32049,CATTFRGYEQYF,TRBV7-9*01,TRBJ2-7*01
32050,CIARDNYGQNFVF,TRAV26-1*01,TRAJ26*01
32050,CASSDRDRGLLRQFF,TRBV4-1*01,TRBJ2-1*01
32051,CSAPPPYNEQFF,TRBV20-1*01,TRBJ2-1*01
32051,CILRGGSSNTGKLIF,TRAV26-2*01,TRAJ37*01
32052,CIVLAVSYGQNFVF,TRAV26-1*01,TRAJ26*01
32052,CSARDQSRATDTQYF,TRBV20-1*01,TRBJ2-3*01
32053,CIVRGNSGNTPLVF,TRAV26-1*01,TRAJ29*01
32053,CASSFSGRVGEKLFF,TRBV11-2*01,TRBJ1-4*01
32054,CLVGDGGSQGNLIF,TRAV4*01,TRAJ42*01
32054,CASSLVNTGELFF,TRBV7-6*01,TRBJ2-2*01
32055,CASGPLVGGGLGAYTF,TRBV12-5*01,TRBJ1-2*01
32055,CVVGDSNYQLIW,TRAV12-1*01,TRAJ33*01
32056,CVVNGKAAGNKLTF,TRAV12-1*01,TRAJ17*01
32056,CASSLLGGSYEQYF,TRBV27*01,TRBJ2-7*01
32057,CVVRVDTGFKTIF,TRAV8-2*01,TRAJ9*01
32057,CASSTMGQGISPLHF,TRBV11-2*01,TRBJ1-6*01
32058,CAVGAGTDKLIF,TRAV8-3*01,TRAJ34*01
32058,CASSSYSRYEQYF,TRBV7-9*01,TRBJ2-7*01
32060,CASTHRGPLKRRPLHF,TRBV19*01,TRBJ1-6*01
32060,CLVGPTRMIYNQGGKLIF,TRAV4*01,TRAJ23*01
32062,CVVTMDSSYKLIF,TRAV12-1*01,TRAJ12*01
32062,CASSVAGLAGATSTDTQYF,TRBV9*01,TRBJ2-3*01
32064,CAASAEGGGADGLTF,TRAV29/DV5*01,TRAJ45*01
32064,CASSQWTGSNYGYTF,TRBV6-6*01,TRBJ1-2*01
32067,CATSDYGYTF,TRBV24-1*01,TRBJ1-2*01
32067,CALSDSLYSGGGADGLTF,TRAV19*01,TRAJ45*01
32069,CASSVGRTLDYGYTF,TRBV9*01,TRBJ1-2*01
32069,CALSETSYDKVIF,TRAV9-2*01,TRAJ50*01
32071,CASGFPIYRDKSTDTQYF,TRBV12-5*01,TRBJ2-3*01
32071,CAMRALNAGGTSYGKLTF,TRAV14/DV4*01,TRAJ52*01
32072,CASARGWGPAGGELFF,TRBV6-6*01,TRBJ2-2*01
32072,CAMRGLGGSNYKLTF,TRAV14/DV4*01,TRAJ53*01
32073,CASSGQVESSGNTIYF,TRBV7-8*01,TRBJ1-3*01
32073,CAMSLYNNNDMRF,TRAV12-3*01,TRAJ43*01
32076,CASYNQGGKLIF,TRAV12-3*01,TRAJ23*01
32076,CSVEGSGGTQYF,TRBV29-1*01,TRBJ2-3*01
32077,CASSLGANTGELFF,TRBV5-5*01,TRBJ2-2*01
32077,CAVATDSGGGADGLTF,TRAV20*01,TRAJ45*01
32083,CAYRYGGSQGNLIF,TRAV38-2/DV8*01,TRAJ42*01
32083,CASSLTQGARNTIYF,TRBV7-9*01,TRBJ1-3*01
32084,CAYSPNAGGTSYGKLTF,TRAV38-2/DV8*01,TRAJ52*01
32084,CASSIGIHGYTF,TRBV19*01,TRBJ1-2*01
32086,CASSFLAGQRTDTEAFF,TRBV7-6*01,TRBJ1-1*01
32086,CGTADYGGSQGNLIF,TRAV30*01,TRAJ42*01
32087,CGTENSSNTGKLIF,TRAV30*01,TRAJ37*01
32087,CASSLGRGAYEQYF,TRBV13*01,TRBJ2-7*01
32089,CASSPSAGRGLGYTF,TRBV7-9*01,TRBJ1-2*01
32089,CVVNSGSARQLTF,TRAV12-1*01,TRAJ22*01
32092,CAGWDQAGTALIF,TRAV12-2*01,TRAJ15*01
32092,CASSLIANQETQYF,TRBV28*01,TRBJ2-5*01
32096,CARGEYGGATNKLIF,TRAV16*01,TRAJ32*01
32096,CASSLVGLGTEAFF,TRBV7-9*01,TRBJ1-1*01
32099,CASSEYGGYTF,TRBV6-1*01,TRBJ1-2*01
32099,CAVEGNNRLAF,TRAV8-1*01,TRAJ7*01
32100,CASSSGTSGSADTQYF,TRBV7-3*01,TRBJ2-3*01
32100,CAVGMAQKVTF,TRAV3*01,TRAJ13*01
32103,CASRLPPSSGNTDTQYF,TRBV28*01,TRBJ2-3*01
32103,CAYRTFGTSGTYKYIF,TRAV38-2/DV8*01,TRAJ40*01
32105,CASSDATSGTYLYNEQFF,TRBV9*01,TRBJ2-1*01
32105,CVVSDNFGNEKLTF,TRAV8-2*01,TRAJ48*01
32110,CASSPGESTDTQYF,TRBV7-3*01,TRBJ2-3*01
32110,CAATFTGTASKLTF,TRAV29/DV5*01,TRAJ44*01
32113,CAFTLAPSGTYKYIF,TRAV38-1*01,TRAJ40*01
32113,CASSLGEDSSLKREPLHF,TRBV7-9*01,TRBJ1-6*01
32115,CSARAYTGELFF,TRBV20-1*01,TRBJ2-2*01
32115,CAGGDSSNTGKLIF,TRAV27*01,TRAJ37*01
32117,CASSLRDSSSYEQYF,TRBV4-1*01,TRBJ2-7*01
32117,CALSEAANARLMF,TRAV19*01,TRAJ31*01
32118,CAISESSRGVDGYTF,TRBV10-3*01,TRBJ1-2*01
32118,CALSEEKVITQGGSEKLVF,TRAV19*01,TRAJ57*01
32119,CASSEWALPNEQFF,TRBV6-1*01,TRBJ2-1*01
32119,CALSLQGGYQKVTF,TRAV16*01,TRAJ13*01
32120,CASSEQGVVDTQYF,TRBV6-1*01,TRBJ2-3*01
32120,CAMREGLLDSNYQLIW,TRAV14/DV4*01,TRAJ33*01
32121,CASSPPADEALYGYTF,TRBV7-9*01,TRBJ1-2*01
32121,CAMREGPTSYDKVIF,TRAV14/DV4*01,TRAJ50*01
32125,CAVGSSGSARQLTF,TRAV12-2*01,TRAJ22*01
32125,CASSYSQGGSYGYTF,TRBV6-5*01,TRBJ1-2*01
32126,CASSFAQRGHRETQYF,TRBV5-6*01,TRBJ2-5*01
32126,CAVILDSSYKLIF,TRAV8-1*01,TRAJ12*01
32127,CASKVAGFNEQFF,TRBV28*01,TRBJ2-1*01
32127,CAVRDFLTGGGNKLTF,TRAV3*01,TRAJ10*01
32129,CAVSETGGFKTIF,TRAV8-6*01,TRAJ9*01
32129,CASINSPGGEDTGELFF,TRBV19*01,TRBJ2-2*01
32135,CVVSWLGSNYQLIW,TRAV12-1*01,TRAJ33*01
32135,CASLGTPGLAGSSYEQYF,TRBV28*01,TRBJ2-7*01
32138,CAMREYQAGTALIF,TRAV14/DV4*01,TRAJ15*01
32138,CASTTGDSSNQPQHF,TRBV4-2*01,TRBJ1-5*01
32140,CASSEKEGTTNTGELFF,TRBV2*01,TRBJ2-2*01
32140,CAVNVERRINNDMRF,TRAV12-2*01,TRAJ43*01
32148,CASSLADLLAEKLFF,TRBV5-5*01,TRBJ1-4*01
32148,CAMREGENARLMF,TRAV14/DV4*01,TRAJ31*01
32150,CATSELSGETQYF,TRBV15*01,TRBJ2-5*01
32150,CATERDFGNEKLTF,TRAV17*01,TRAJ48*01
32151,CASSLPDPYEQYF,TRBV5-5*01,TRBJ2-7*01
32151,CAVMAGAQKLVF,TRAV41*01,TRAJ54*01
32156,CASSLGQGDGGYTF,TRBV7-9*01,TRBJ1-2*01
32156,CLVARGSARQLTF,TRAV4*01,TRAJ22*01
32169,CARMDSNYQLIW,TRAV6*01,TRAJ33*01
32169,CASSQDPGPDTQYF,TRBV4-3*01,TRBJ2-3*01
32170,CASFDNYGQNFVF,TRAV1-2*01,TRAJ26*01
32170,CASSETGTSGDEQYF,TRBV5-4*01,TRBJ2-7*01
32176,CAVSDNNNDMRF,TRAV21*01,TRAJ43*01
32176,CASSLSGGRTKNIQYF,TRBV5-1*01,TRBJ2-4*01
32177,CAYMFSGGYNKLIF,TRAV16*01,TRAJ4*01
32177,CASTIGGDTGELFF,TRBV4-2*01,TRBJ2-2*01
32185,CADDYKLSF,TRAV13-1*01,TRAJ20*01
32185,CASKKTPVGTEAFF,TRBV19*01,TRBJ1-1*01
32188,CAVDGGATNKLIF,TRAV12-2*01,TRAJ32*01
32188,CAWKPTGLGYGYTF,TRBV30*01,TRBJ1-2*01
32189,CAISEFRDDQETQYF,TRBV10-3*01,TRBJ2-5*01
32189,CLVGSYNQGGKLIF,TRAV4*01,TRAJ23*01
32190,CAIPNYGGSQGNLIF,TRAV14/DV4*01,TRAJ42*01
32190,CASSFWGLAGGYNEQFF,TRBV28*01,TRBJ2-1*01
32191,CAMRAFMIKAAGNKLTF,TRAV14/DV4*01,TRAJ17*01
32191,CASSPDGLTENTEAFF,TRBV19*01,TRBJ1-1*01
32192,CAVRNNNARLMF,TRAV1-1*01,TRAJ31*01
32192,CASSPRTSGNTYEQYF,TRBV11-2*01,TRBJ2-7*01
32193,CASRELGQETQYF,TRBV19*01,TRBJ2-5*01
32193,CAVRSHGSGGSNYKLTF,TRAV41*01,TRAJ53*01
32196,CASSHEWGSNTGELFF,TRBV3-1*01,TRBJ2-2*01
32196,CAMRLYNFNKFYF,TRAV14/DV4*01,TRAJ21*01
32200,CASSRYRDPPDHEQYF,TRBV4-1*01,TRBJ2-7*01
32200,CAGMRGLTGGGNKLTF,TRAV25*01,TRAJ10*01
32201,CAGPNNNNDMRF,TRAV25*01,TRAJ43*01
32201,CASSLSRANSPLHF,TRBV27*01,TRBJ1-6*01
32203,CASRSGGGSYEQYF,TRBV7-2*01,TRBJ2-7*01
32203,CAVRDTTNWGKLQF,TRAV3*01,TRAJ24*01
32206,CAMREKPGGYQKVTF,TRAV14/DV4*01,TRAJ13*01
32206,CASSLSRRRSRDDNEQFF,TRBV19*01,TRBJ2-1*01
32207,CAMRESSNYQLIW,TRAV14/DV4*01,TRAJ33*01
32207,CASTRGQRNGAFF,TRBV2*01,TRBJ1-1*01
32209,CAASSGYALNF,TRAV29/DV5*01,TRAJ41*01
32209,CASSRDRGLGYTF,TRBV5-4*01,TRBJ1-2*01
32211,CALSVAGTASKLTF,TRAV19*01,TRAJ44*01
32211,CASSARDYTGELFF,TRBV7-9*01,TRBJ2-2*01
32213,CASSPGTGGFLSSYEQYF,TRBV7-8*01,TRBJ2-7*01
32213,CAPQYGNKLVF,TRAV27*01,TRAJ47*01
32216,CALSEAERDDKIIF,TRAV19*01,TRAJ30*01
32216,CASSPIELVTYNEQFF,TRBV28*01,TRBJ2-1*01
32217,CAPRGFKTIF,TRAV14/DV4*01,TRAJ9*01
32217,CASSLSVSSYNEQFF,TRBV4-3*01,TRBJ2-1*01
32218,CAPSVAQKLVF,TRAV29/DV5*01,TRAJ54*01
32218,CASSFGLALGDEQFF,TRBV7-9*01,TRBJ2-1*01
32219,CAPTAAGNMLTF,TRAV21*01,TRAJ39*01
32219,CASSVLANTGELFF,TRBV27*01,TRBJ2-2*01
32221,CAVGAQNDYKLSF,TRAV8-3*01,TRAJ20*01
32221,CASSLGQGATNTGELFF,TRBV18*01,TRBJ2-2*01
32223,CASSYSRGQPEAFF,TRBV6-6*01,TRBJ1-1*01
32223,CGARLRNTGTASKLTF,TRAV34*01,TRAJ44*01
32224,CIVRVDHTGGFKTIF,TRAV26-1*01,TRAJ9*01
32224,CASSQVVDWISNTGELFF,TRBV4-3*01,TRBJ2-2*01
32226,CATDSYRGSTLGRLYF,TRAV17*01,TRAJ18*01
32226,CASSAGTSGGASYNEQFF,TRBV7-7*01,TRBJ2-1*01
32227,CAFMTPQGGKLIF,TRAV38-1*01,TRAJ23*01
32227,CAIDETGHGYTF,TRBV7-9*01,TRBJ1-2*01
32228,CAVRDNTGGFKTIF,TRAV1-2*01,TRAJ9*01
32228,CASSERTSGGYTDTQYF,TRBV6-1*01,TRBJ2-3*01
32229,CSAYRVMSHEQYF,TRBV20-1*01,TRBJ2-7*01
32229,CAVRDPVDRGSTLGRLYF,TRAV3*01,TRAJ18*01
32230,CAADSSYKLIF,TRAV12-2*01,TRAJ12*01
32230,CAVPGGSPYEQYF,TRBV2*01,TRBJ2-7*01
32233,CLIFSGNTGKLIF,TRAV4*01,TRAJ37*01
32233,CATSDFGVNTGELFF,TRBV24-1*01,TRBJ2-2*01
32234,CATSEVGSETQYF,TRBV24-1*01,TRBJ2-5*01
32234,CVVRNDYKLSF,TRAV12-1*01,TRAJ20*01
32237,CAGHTGGFKTIF,TRAV2*01,TRAJ9*01
32237,CASSFLGQGDSPLHF,TRBV7-2*01,TRBJ1-6*01
32239,CAMREGRAGNQFYF,TRAV14/DV4*01,TRAJ49*01
32239,CASSYRRTSGRAYHEQFF,TRBV6-2*01,TRBJ2-1*01
32245,CAASPRTALIF,TRAV13-1*01,TRAJ15*01
32245,CASSLTGTVDGYTF,TRBV12-4*01,TRBJ1-2*01
32246,CASSPKAGGPGEQFF,TRBV7-3*01,TRBJ2-1*01
32246,CAASRGGADGLTF,TRAV13-1*01,TRAJ45*01
32250,CALSEAGNYGGSQGNLIF,TRAV19*01,TRAJ42*01
32250,CASRLTRGAGETQYF,TRBV7-8*01,TRBJ2-5*01
32251,CALSEDRTAGNKLTF,TRAV19*01,TRAJ17*01
32251,CSARIAGAKNIQYF,TRBV20-1*01,TRBJ2-4*01
32252,CASSLLAGGKETQYF,TRBV27*01,TRBJ2-5*01
32252,CAMRGGNQFYF,TRAV12-3*01,TRAJ49*01
32257,CASHISTGELFF,TRBV19*01,TRBJ2-2*01
32257,CASDSGYSTLTF,TRAV9-2*01,TRAJ11*01
32272,CAVSEIYNQGGKLIF,TRAV8-4*01,TRAJ23*01
32272,CASSLGTTQETQYF,TRBV27*01,TRBJ2-5*01
32273,CASSPLQGANHDEQYF,TRBV6-2*01,TRBJ2-7*01
32273,CAVTHRAGRRALTF,TRAV8-4*01,TRAJ5*01
32275,CGTETFSNYKLTF,TRAV30*01,TRAJ53*01
32275,CASRIQGRQPQHF,TRBV12-5*01,TRBJ1-5*01
32276,CAAGQDYKLSF,TRAV29/DV5*01,TRAJ20*01
32276,CASSFLGQGAAGELFF,TRBV7-8*01,TRBJ2-2*01
32282,CAVRPSGNQFYF,TRAV21*01,TRAJ49*01
32282,CASRSLSGEQFF,TRBV6-5*01,TRBJ2-1*01
32284,CASSSGTGGQYEQYF,TRBV28*01,TRBJ2-7*01
32284,CAVSGWGGNTPLVF,TRAV8-1*01,TRAJ29*01
32285,CAVTDSNYQLIW,TRAV1-2*01,TRAJ33*01
32285,CSARTSAGVYEQFF,TRBV20-1*01,TRBJ2-1*01
32287,CVVNEGREYGNKLVF,TRAV12-1*01,TRAJ47*01
32287,CASRGGTGLYGYTF,TRBV19*01,TRBJ1-2*01
32294,CALSEVYNQGGKLIF,TRAV19*01,TRAJ23*01
32294,CASSLFGSGGAGETQYF,TRBV5-4*01,TRBJ2-5*01
32296,CASSQDSGWREKLFF,TRBV3-1*01,TRBJ1-4*01
32296,CAMRGLASGGSYIPTF,TRAV14/DV4*01,TRAJ6*01
32303,CSARVEGAGPAQYF,TRBV20-1*01,TRBJ2-5*01
32303,CVVTHTGKLIF,TRAV12-1*01,TRAJ37*01
32304,CASSLGRSTGELFF,TRBV13*01,TRBJ2-2*01
32304,CAALPQGGSEKLVF,TRAV22*01,TRAJ57*01
32310,CASSSRLYNEQFF,TRBV11-2*01,TRBJ2-1*01
32310,CAVRDSAGKSTF,TRAV3*01,TRAJ27*01
32311,CASTSVNTGELFF,TRBV28*01,TRBJ2-2*01
32311,CAVSQGAQKLVF,TRAV41*01,TRAJ54*01
32312,CASSLVDSARSYEQYF,TRBV11-2*01,TRBJ2-7*01
32312,CAVDRNNNNDMRF,TRAV8-3*01,TRAJ43*01
32314,CSASAGLVGYEQYF,TRBV20-1*01,TRBJ2-7*01
32314,CVVGEGTALIF,TRAV10*01,TRAJ15*01
32315,CVVIGSQGNLIF,TRAV12-1*01,TRAJ42*01
32315,CASSFIGTRAGQYF,TRBV28*01,TRBJ2-4*01
32321,CASSPSDPGELFF,TRBV12-4*01,TRBJ2-2*01
32321,CAERDNAGNMLTF,TRAV5*01,TRAJ39*01
32324,CASSAGVGTGELFF,TRBV10-2*01,TRBJ2-2*01
32324,CAGEGSQGNLIF,TRAV8-1*01,TRAJ42*01
32325,CAGQTGANNLFF,TRAV35*01,TRAJ36*01
32325,CATSPTRSTTDTQYF,TRBV15*01,TRBJ2-3*01
32330,CASSQGGRSTDTQYF,TRBV3-1*01,TRBJ2-3*01
32330,CALSDQMDSNYQLIW,TRAV9-2*01,TRAJ33*01
32333,CASLTRFGLYSNQPQHF,TRBV28*01,TRBJ1-5*01
32333,CALSGDAGGTSYGKLTF,TRAV19*01,TRAJ52*01
32338,CAMREAWTGGFKTIF,TRAV14/DV4*01,TRAJ9*01
32338,CASSGQGMGNSPLHF,TRBV6-5*01,TRBJ1-6*01
32341,CASSDRGTGELFF,TRBV27*01,TRBJ2-2*01
32341,CAVDDSGYALNF,TRAV39*01,TRAJ41*01
32348,CAVHSYNTDKLIF,TRAV8-1*01,TRAJ34*01
32348,CSASGTGSYEQYF,TRBV20-1*01,TRBJ2-7*01
32353,CAVNGAGGTSYGKLTF,TRAV21*01,TRAJ52*01
32353,CASSLDRVSYNEQFF,TRBV7-2*01,TRBJ2-1*01
32355,CAVRDRTSGTYKYIF,TRAV3*01,TRAJ40*01
32355,CASSLGEARPQETQYF,TRBV7-2*01,TRBJ2-5*01
32356,CAVRKGDNNARLMF,TRAV21*01,TRAJ31*01
32356,CASSQTAGTGELFF,TRBV4-1*01,TRBJ2-2*01
32358,CAVRSNDYKLSF,TRAV22*01,TRAJ20*01
32358,CATSDSSGSNEQFF,TRBV24-1*01,TRBJ2-1*01
32360,CASTRGQGRDGELFF,TRBV5-5*01,TRBJ2-2*01
32360,CAVSLTGDRLAF,TRAV8-4*01,TRAJ7*01
32364,CCTHNAGGTSYGKLTF,TRAV35*01,TRAJ52*01
32364,CASSYRLGNEQFF,TRBV28*01,TRBJ2-1*01
32366,CILVKEYGNKLVF,TRAV26-2*01,TRAJ47*01
32366,CSASGTLDTEAFF,TRBV20-1*01,TRBJ1-1*01
32369,CASSVSGANYNEQFF,TRBV19*01,TRBJ2-1*01
32369,CVVSTLTTDSWGKLQF,TRAV10*01,TRAJ24*01
32371,CASSYRGGYEQYF,TRBV7-6*01,TRBJ2-7*01
32371,CALSDPLSGNTPLVF,TRAV19*01,TRAJ29*01
32385,CAAPSLRGAQKLVF,TRAV13-1*01,TRAJ54*01
32385,CSARSLAVSTDTQYF,TRBV20-1*01,TRBJ2-3*01
32386,CAIRWTLNNEQFF,TRBV6-2*01,TRBJ2-1*01
32386,CAARPMNYGGSQGNLIF,TRAV41*01,TRAJ42*01
32391,CAFIYNNDMRF,TRAV38-1*01,TRAJ43*01
32391,CASGFGHSNSPLHF,TRBV28*01,TRBJ1-6*01
32395,CAGCSNDYKLSF,TRAV5*01,TRAJ20*01
32395,CAAHGGTRTLAKNIQYF,TRBV28*01,TRBJ2-4*01
32398,CASRQTSGTYNEQFF,TRBV4-3*01,TRBJ2-1*01
32398,CAMREVYGGATNKLIF,TRAV14/DV4*01,TRAJ32*01
32403,CASSLSRSQPPNQPQHF,TRBV28*01,TRBJ1-5*01
32403,CAVARPTPRF,TRAV8-3*01,TRAJ43*01
32404,CAVDPLSTRVF,TRAV2*01,TRAJ47*01
32404,CATSDQHGSSEQFF,TRBV24-1*01,TRBJ2-1*01
32405,CSARDFTYEQYF,TRBV20-1*01,TRBJ2-7*01
32405,CAVGARSGGGADGLTF,TRAV8-3*01,TRAJ45*01
32407,CASSPRDSLYEQYF,TRBV7-9*01,TRBJ2-7*01
32407,CAVGSGYALNF,TRAV21*01,TRAJ41*01
32408,CAVLPYNTDKLIF,TRAV41*01,TRAJ34*01
32408,CASSFWTSGYEQYF,TRBV12-3*01,TRBJ2-7*01
32410,CASSPPLAGGYEQYF,TRBV7-9*01,TRBJ2-7*01
32410,CAVREGGSSNTGKLIF,TRAV3*01,TRAJ37*01
32411,CAVRVLAGSARQLTF,TRAV3*01,TRAJ22*01
32411,CASSPGRGDSPLHF,TRBV7-9*01,TRBJ1-6*01
32412,CASSSPVETQYF,TRBV7-9*01,TRBJ2-5*01
32412,CAVSGDGGNMLTF,TRAV8-4*01,TRAJ39*01
32415,CILRDAVGLAGSYQLTF,TRAV26-2*01,TRAJ28*01
32415,CASSHFSGTFPYEQYF,TRBV3-1*01,TRBJ2-7*01
32423,CAETKVRARLMF,TRAV13-2*01,TRAJ31*01
32423,CASSLSNTPGEQFF,TRBV27*01,TRBJ2-1*01
32427,CASSIGFGQGVSTEAFF,TRBV19*01,TRBJ1-1*01
32427,CAFRDPAHGSSNTGKLIF,TRAV38-1*01,TRAJ37*01
32435,CALSEAQNTDKLIF,TRAV19*01,TRAJ34*01
32435,CASSGLAGGPHEQFF,TRBV19*01,TRBJ2-1*01
32439,CASTGSAGGSYGYTF,TRBV5-1*01,TRBJ1-2*01
32439,CAMRHSGGYQKVTF,TRAV14/DV4*01,TRAJ13*01
32442,CSVEAEGTATNEKLFF,TRBV29-1*01,TRBJ1-4*01
32442,CATDKFRGSQGNLIF,TRAV17*01,TRAJ42*01
32446,CAVRDITNSYNTDKLIF,TRAV3*01,TRAJ34*01
32446,CSARHLANNEQFF,TRBV20-1*01,TRBJ2-1*01
32450,CAVRDSNTGKLIF,TRAV1-2*01,TRAJ37*01
32450,CASSLGTGGQFF,TRBV5-6*01,TRBJ2-1*01
32453,CASSTGSYEQYF,TRBV12-3*01,TRBJ2-7*01
32453,CAVWAGKSTF,TRAV39*01,TRAJ27*01
32455,CASSLLGTEAFF,TRBV7-9*01,TRBJ1-1*01
32455,CSNARLMF,TRAV25*01,TRAJ31*01
32456,CSRWEGANNLFF,TRAV1-2*01,TRAJ36*01
32456,CASSLRGSAGNTIYF,TRBV13*01,TRBJ1-3*01
32460,CSATGLRTSYEQYF,TRBV20-1*01,TRBJ2-7*01
32460,CAAGGYQKVTF,TRAV12-2*01,TRAJ13*01
32465,CASSQDSPRAGFSDTQYF,TRBV4-1*01,TRBJ2-3*01
32465,CAESTISGGYNKLIF,TRAV5*01,TRAJ4*01
32468,CAGGLAGSYQLTF,TRAV1-2*01,TRAJ28*01
32468,CASRMGHTDTQYF,TRBV7-8*01,TRBJ2-3*01
32470,CALSGPYNFNKFYF,TRAV19*01,TRAJ21*01
32470,CASSQEASGGKETQYF,TRBV4-1*01,TRBJ2-5*01
32477,CASSTSSSWTQYF,TRBV12-3*01,TRBJ2-5*01
32477,CAVLRRQLTF,TRAV13-1*01,TRAJ22*01
32483,CASSQDSGPQYEQYF,TRBV3-1*01,TRBJ2-7*01
32483,CAVRVNTGGFKTIF,TRAV1-1*01,TRAJ9*01
32494,CASSDRFWEQYF,TRBV2*01,TRBJ2-7*01
32494,CIVRVGNTGNQFYF,TRAV26-1*01,TRAJ49*01
32497,CVVSDWAGNMLTF,TRAV8-2*01,TRAJ39*01
32497,CASSERLDLAGGRNEQFF,TRBV6-1*01,TRBJ2-1*01
32499,CASGDTGRRALTF,TRAV24*01,TRAJ5*01
32499,CASKPGAIEAFF,TRBV12-4*01,TRBJ1-1*01
32500,CAVLEGDDKIIF,TRAV8-1*01,TRAJ30*01
32500,CASRAGGWTLPSNYGYTF,TRBV19*01,TRBJ1-2*01
32501,CASSPGTGSHPYNEQFF,TRBV7-7*01,TRBJ2-1*01
32501,CAVEVRGSTLGRLYF,TRAV8-3*01,TRAJ18*01
32502,CAAGGGTSYGKLTF,TRAV13-1*01,TRAJ52*01
32502,CASSLGSGGGETQYF,TRBV7-2*01,TRBJ2-5*01
32505,CASNWFRDNTGELFF,TRBV6-5*01,TRBJ2-2*01
32505,CAVQGAGGTSYGKLTF,TRAV20*01,TRAJ52*01
32511,CASSLLGGRGNTGELFF,TRBV7-8*01,TRBJ2-2*01
32511,CAARGPLDTGNQFYF,TRAV29/DV5*01,TRAJ49*01
32512,CASSQKPGQDHYEQYF,TRBV12-3*01,TRBJ2-7*01
32512,CAASHNFNKFYF,TRAV29/DV5*01,TRAJ21*01
32513,CASSLWTGYNEQFF,TRBV6-5*01,TRBJ2-1*01
32513,CAASNPGGGNKLTF,TRAV13-1*01,TRAJ10*01
32517,CALRRAGGTSYGKLTF,TRAV19*01,TRAJ52*01
32517,CSAEVPGANTGELFF,TRBV20-1*01,TRBJ2-2*01
32518,CSARFSANGEQYF,TRBV20-1*01,TRBJ2-7*01
32518,CAMRGPTGTASKLTF,TRAV14/DV4*01,TRAJ44*01
32519,CASSYLGQMDEKLFF,TRBV6-6*01,TRBJ1-4*01
32519,CAMSAISGGSNYKLTF,TRAV12-3*01,TRAJ53*01
32520,CASYWTGPPHGYTF,TRBV28*01,TRBJ1-2*01
32520,CAMSGYGGSQGNLIF,TRAV12-3*01,TRAJ42*01
32521,CAVNPSYNTDKLIF,TRAV12-2*01,TRAJ34*01
32521,CASSYSERDTEKLFF,TRBV6-6*01,TRBJ1-4*01
32528,CASSEALSGGAPAETQYF,TRBV2*01,TRBJ2-5*01
32528,CAALSGGGADGLTF,TRAV21*01,TRAJ45*01
32530,CAASNNNDMRF,TRAV29/DV5*01,TRAJ43*01
32530,CASSLLAGSSYNEQFF,TRBV6-6*01,TRBJ2-1*01
32533,CASSGREAFF,TRBV18*01,TRBJ1-1*01
32533,CAMSEYYGQNFVF,TRAV12-3*01,TRAJ26*01
32536,CAVESKDNYGQNFVF,TRAV12-2*01,TRAJ26*01
32536,CASGLVPGGGSDGYTF,TRBV12-5*01,TRBJ1-2*01
32558,CASSLPTRQNLASYEYGYTF,TRBV28*01,TRBJ1-2*01
32558,CALGEDAGGTSYGKLTF,TRAV38-1*01,TRAJ52*01
32569,CASSPHRTVLAGDTQYF,TRBV4-3*01,TRBJ2-3*01
32569,CALSANAGGTSYGKLTF,TRAV9-2*01,TRAJ52*01
32577,CAYRSARWAGTASKLTF,TRAV38-2/DV8*01,TRAJ44*01
32577,CASSGDPKAYEQYF,TRBV2*01,TRBJ2-7*01
32579,CVVLSGNTGKLIF,TRAV12-1*01,TRAJ37*01
32579,CASSLGPAGAHNEQFF,TRBV27*01,TRBJ2-1*01
32582,CASSPWTGARGYTF,TRBV6-6*01,TRBJ1-2*01
32582,CAATFGGSQGNLIF,TRAV13-1*01,TRAJ42*01
32591,CAGGSGGSNYKLTF,TRAV22*01,TRAJ53*01
32591,CASSTPDTPSSYNEQFF,TRBV2*01,TRBJ2-1*01
32594,CASSLLGSNQETQYF,TRBV7-2*01,TRBJ2-5*01
32594,CAGGGNKLTF,TRAV13-1*01,TRAJ10*01
32596,CASSWYTTGQETQYF,TRBV7-9*01,TRBJ2-5*01
32596,CAPTGGGNKLTF,TRAV16*01,TRAJ10*01
32597,CASSLRGTDTQYF,TRBV14*01,TRBJ2-3*01
32597,CAVGAGGTSYGKLTF,TRAV8-4*01,TRAJ52*01
32612,CARGRGQNFVF,TRAV14/DV4*01,TRAJ26*01
32612,CASSQELAGGGNEQFF,TRBV4-1*01,TRBJ2-1*01
32614,CAVKAAGNKLTF,TRAV8-1*01,TRAJ17*01
32614,CASSLGETGGIQFF,TRBV5-6*01,TRBJ2-1*01
32621,CASTWDSLYEQYF,TRBV6-1*01,TRBJ2-7*01
32621,CVVNGDSGNTPLVF,TRAV12-1*01,TRAJ29*01
32629,CALANNNDMRF,TRAV1-1*01,TRAJ43*01
32629,CASSVGGAHEQYF,TRBV9*01,TRBJ2-7*01
32631,CALSEADYGGATNKLIF,TRAV19*01,TRAJ32*01
32631,CASSQDLGARMGETQYF,TRBV3-1*01,TRBJ2-5*01
32632,CALSNFGNEKLTF,TRAV19*01,TRAJ48*01
32632,CASSVGQGNQPQHF,TRBV9*01,TRBJ1-5*01
32634,CASSPPDDEQYF,TRBV7-9*01,TRBJ2-7*01
32634,CAPPNSGAGSYQLTF,TRAV6*01,TRAJ28*01
32636,CASSERQLPYEQYF,TRBV2*01,TRBJ2-7*01
32636,CASKEWDTNAGKSTF,TRAV13-1*01,TRAJ27*01
32640,CASSQSGGRYEQYF,TRBV4-2*01,TRBJ2-7*01
32640,CAVSETDSWGKLQF,TRAV1-2*01,TRAJ24*01
32642,CASSWLGQGALEAFF,TRBV25-1*01,TRBJ1-1*01
32642,CAYRSYYGGSQGNLIF,TRAV38-2/DV8*01,TRAJ42*01
32658,CAGVLDSGYALNF,TRAV27*01,TRAJ41*01
32658,CASSSNIRDSGNTIYF,TRBV9*01,TRBJ1-3*01
32665,CASKRQGLHAEQYF,TRBV7-9*01,TRBJ2-7*01
32665,CAMRAGNTGNQFYF,TRAV14/DV4*01,TRAJ49*01
32666,CASSATSNQPQHF,TRBV19*01,TRBJ1-5*01
32666,CAVRDPYSSNTGKLIF,TRAV3*01,TRAJ37*01
32668,CAGRVFQGSQGNLIF,TRAV25*01,TRAJ42*01
32668,CASSFISQGAYGYTF,TRBV7-9*01,TRBJ1-2*01
32669,CASSVDDTGLSYEQYF,TRBV9*01,TRBJ2-7*01
32669,CAGPSGGSYIPTF,TRAV12-2*01,TRAJ6*01
32673,CASTFIFVRGADSSYEQYF,TRBV28*01,TRBJ2-7*01
32673,CAVVPNRDDKIIF,TRAV2*01,TRAJ30*01
32674,CASSGPGTLNLDTF,TRBV6-2*01,TRBJ1-2*01
32674,CAMREEYNFNKFYF,TRAV14/DV4*01,TRAJ21*01
32679,CAATLTNAGGTSYGKLTF,TRAV29/DV5*01,TRAJ52*01
32679,CASSDRAGVVTDTQYF,TRBV6-4*01,TRBJ2-3*01
32681,CASSLTGDHTDTQYF,TRBV6-2*01,TRBJ2-3*01
32681,CASTMTTDSWGKFQF,TRAV24*01,TRAJ24*01
32685,CASSDPSGPGGGSPLHF,TRBV2*01,TRBJ1-6*01
32685,CAVRDPGGSGTYKYIF,TRAV1-1*01,TRAJ40*01
32688,CASSLSVVSGELFF,TRBV27*01,TRBJ2-2*01
32688,CAVSEGDALIF,TRAV8-6*01,TRAJ15*01
32697,CAMREGKNDYKLSF,TRAV14/DV4*01,TRAJ20*01
32697,CASSFGGVEGMNTEAFF,TRBV5-6*01,TRBJ1-1*01
32707,CAMREYNAGKSTF,TRAV14/DV4*01,TRAJ27*01
32707,CASSVEGDGSEAFF,TRBV9*01,TRBJ1-1*01
32714,CAAHNNAGNMLTF,TRAV29/DV5*01,TRAJ39*01
32714,CASRTRLGRNEQFF,TRBV12-4*01,TRBJ2-1*01
32715,CAASSNTGTASKLTF,TRAV23/DV6*01,TRAJ44*01
32715,CASSLELGQGRETQYF,TRBV5-6*01,TRBJ2-5*01
32719,CAGEENSWGKLQF,TRAV27*01,TRAJ24*01
32719,CASSPTRGLEIEKLFF,TRBV5-1*01,TRBJ1-4*01
32720,CASSLEMQGALYGYTF,TRBV5-1*01,TRBJ1-2*01
32720,CALMDSSYKLIF,TRAV16*01,TRAJ12*01
32721,CAGAGRFSGAGSYQLTF,TRAV27*01,TRAJ28*01
32721,CASSGRARLARTDTQYF,TRBV6-1*01,TRBJ2-3*01
32723,CAVKDTGKLIF,TRAV8-1*01,TRAJ37*01
32723,CASSSLLQGVDYGYTF,TRBV19*01,TRBJ1-2*01
32729,CASSRSFAGGDTDTQYF,TRBV7-9*01,TRBJ2-3*01
32729,CASYRDQAGTALIF,TRAV38-2/DV8*01,TRAJ15*01
32732,CASGGGQGGNNEQFF,TRBV7-9*01,TRBJ2-1*01
32732,CAPSWGKLQF,TRAV12-3*01,TRAJ24*01
32734,CASSLGPADTQYF,TRBV7-9*01,TRBJ2-3*01
32734,CADIPNSGNTPLVF,TRAV13-2*01,TRAJ29*01
32735,CAWSVGVSGANVLTF,TRBV30*01,TRBJ2-6*01
32735,CALLTRSNDYKLSF,TRAV16*01,TRAJ20*01
32742,CAVNMDNDMRF,TRAV12-2*01,TRAJ43*01
32742,CASSLINTGELFF,TRBV6-2*01,TRBJ2-2*01
32743,CSARTATGGQSGYTF,TRBV20-1*01,TRBJ1-2*01
32743,CVVNKGNQFYF,TRAV12-1*01,TRAJ49*01
32745,CATATDSWGKLQF,TRAV17*01,TRAJ24*01
32745,CASSPSGYQPQHF,TRBV27*01,TRBJ1-5*01
32750,CATTPVGFQKLVF,TRAV17*01,TRAJ8*01
32750,CASSLGQGPYEQYF,TRBV7-6*01,TRBJ2-7*01
32762,CALSELRGGGADGLTF,TRAV19*01,TRAJ45*01
32762,CASSPPRTSGAYEQYF,TRBV4-2*01,TRBJ2-7*01
32765,CAETTNRDDKIIF,TRAV13-2*01,TRAJ30*01
32765,CASSLLYSDSPLHF,TRBV27*01,TRBJ1-6*01
32767,CAMREAPGRFQKLVF,TRAV14/DV4*01,TRAJ8*01
32767,CASPGDLNTEAFF,TRBV2*01,TRBJ1-1*01
32769,CAASAYPGGTSYGKLTF,TRAV29/DV5*01,TRAJ52*01
32769,CASSLTSGGQGEQFF,TRBV5-4*01,TRBJ2-1*01
32771,CASSQVAAGDNSYEQYF,TRBV4-2*01,TRBJ2-7*01
32771,CAERGTYKYIF,TRAV13-2*01,TRAJ40*01
32772,CAVRRGNYQLIW,TRAV41*01,TRAJ33*01
32772,CSARGKGAISHHTEAFF,TRBV20-1*01,TRBJ1-1*01
32773,CVVSDLGDDMRF,TRAV8-2*01,TRAJ43*01
32773,CASRGLALYNEQFF,TRBV27*01,TRBJ2-1*01
32776,CASSQDRIRQARTGELFF,TRBV3-1*01,TRBJ2-2*01
32776,CLVGEGAAGNKLTF,TRAV4*01,TRAJ17*01
32778,CAFINESPRAGSSNTGKLIF,TRAV38-1*01,TRAJ37*01
32778,CSAPDRYLRTEAFF,TRBV20-1*01,TRBJ1-1*01
32784,CATDDTGFQKLVF,TRAV17*01,TRAJ8*01
32784,CASSLTRTALNTEAFF,TRBV7-6*01,TRBJ1-1*01
32789,CAVRLEGSQGNLIF,TRAV21*01,TRAJ42*01
32789,CASSLAGVIETQYF,TRBV6-5*01,TRBJ2-5*01
32790,CATSRGPLASFLVDSYNEQFF,TRBV15*01,TRBJ2-1*01
32790,CAVTAYNQGGKLIF,TRAV22*01,TRAJ23*01
32798,CAVGANPGRRALTF,TRAV8-3*01,TRAJ5*01
32798,CASKGLAGYNEQFF,TRBV6-2*01,TRBJ2-1*01
32799,CATSETVAGGTGELFF,TRBV24-1*01,TRBJ2-2*01
32799,CAVRDGLVYNFNKFYF,TRAV3*01,TRAJ21*01
32800,CATSRNRGDGYTF,TRBV15*01,TRBJ1-2*01
32800,CAMILHNSGNTPLVF,TRAV14/DV4*01,TRAJ29*01
32804,CAATYSGGGADGLTF,TRAV39*01,TRAJ45*01
32804,CSARAGSTYEQYF,TRBV20-1*01,TRBJ2-7*01
32806,CASSLGGEGYEQYF,TRBV27*01,TRBJ2-7*01
32806,CALNLQGGSEKLVF,TRAV9-2*01,TRAJ57*01
32807,CATVNSGGYQKVTF,TRAV17*01,TRAJ13*01
32807,CASSLSPLDNPSYEQYF,TRBV27*01,TRBJ2-7*01
32808,CASSEEGGLSNEKLFF,TRBV2*01,TRBJ1-4*01
32808,CAEYEDSSYKLIF,TRAV13-2*01,TRAJ12*01
32809,CAVFNAGGTSYGKLTF,TRAV41*01,TRAJ52*01
32809,CASSHVTGYEQYF,TRBV16*01,TRBJ2-7*01
32812,CATSAQTGQGENTEAFF,TRBV15*01,TRBJ1-1*01
32812,CAFLSSGNTPLVF,TRAV8-1*01,TRAJ29*01
32813,CASSPRGSYWDEQYF,TRBV27*01,TRBJ2-7*01
32813,CAASGGNDMRF,TRAV29/DV5*01,TRAJ43*01
32820,CIVRVGRGSNYKLTF,TRAV26-1*01,TRAJ53*01
32820,CASRHSQGAPSWYQETQYF,TRBV28*01,TRBJ2-5*01
32821,CAWSVQQGDQPQHF,TRBV30*01,TRBJ1-5*01
32821,CAVGFQGTSYGKLTF,TRAV12-2*01,TRAJ52*01
32824,CAMRPLGGGNQFYF,TRAV14/DV4*01,TRAJ49*01
32824,CASSEGVNEQFF,TRBV5-4*01,TRBJ2-1*01
32825,CAGITGANSKLTF,TRAV36/DV7*01,TRAJ56*01
32825,CASSYSRGISPYGYTF,TRBV6-6*01,TRBJ1-2*01
32826,CASIGSGYNEQFF,TRBV19*01,TRBJ2-1*01
32826,CAGPSYNQGGKLIF,TRAV21*01,TRAJ23*01
32827,CASSYGTLPSEQFF,TRBV6-5*01,TRBJ2-1*01
32827,CAVNEMDGANNLFF,TRAV8-1*01,TRAJ36*01
32828,CASRDATGGFEQYF,TRBV10-2*01,TRBJ2-7*01
32828,CVAGSGGGADGLTF,TRAV12-1*01,TRAJ45*01
32829,CAGPLLAAGNKLTF,TRAV25*01,TRAJ17*01
32829,CAINKGTGNTGELFF,TRBV10-3*01,TRBJ2-2*01
32831,CAWSVRGVNPYNEQFF,TRBV30*01,TRBJ2-1*01
32831,CAVKGTNAGKSTF,TRAV12-2*01,TRAJ27*01
32834,CAVRDRGSGTYKYIF,TRAV1-2*01,TRAJ40*01
32834,CSASVPAGQQNSSPLHF,TRBV20-1*01,TRBJ1-6*01
32837,CAISTGNQFYF,TRAV12-3*01,TRAJ49*01
32837,CASSQGAGGLVFYEQYF,TRBV4-2*01,TRBJ2-7*01
32838,CASSATGTGRTSAWYNEQFF,TRBV7-2*01,TRBJ2-1*01
32838,CAVRTNFGNEKLTF,TRAV8-4*01,TRAJ48*01
32840,CASSYDSRETQYF,TRBV7-9*01,TRBJ2-5*01
32840,CAVLDPYSGGGADGLTF,TRAV12-2*01,TRAJ45*01
32842,CASAGERSEQFF,TRBV2*01,TRBJ2-1*01
32842,CILKASQGGSEKLVF,TRAV26-2*01,TRAJ57*01
32843,CASSPPHPTGPTDTQYF,TRBV14*01,TRBJ2-3*01
32843,CAVTKFSSNTGKLIF,TRAV8-6*01,TRAJ37*01
32844,CASSFGAGAKAGELFF,TRBV27*01,TRBJ2-2*01
32844,CAASIMDFGNEKLTF,TRAV13-1*01,TRAJ48*01
32845,CGWPGQTNTGELFF,TRBV12-4*01,TRBJ2-2*01
32845,CAFGAGSYQLTF,TRAV38-1*01,TRAJ28*01
32846,CASSDGTSGRAGGELFF,TRBV12-4*01,TRBJ2-2*01
32846,CAVKNYKLSF,TRAV12-2*01,TRAJ20*01
32848,CSAPGGRPQHF,TRBV20-1*01,TRBJ1-5*01
32848,CLVGDPFYNQGGKLIF,TRAV4*01,TRAJ23*01
32849,CAVRPRLTGGGNKLTF,TRAV21*01,TRAJ10*01
32849,CASSPRQRSGNTIYF,TRBV7-9*01,TRBJ1-3*01
32851,CAENMKMNTGFQKLVF,TRAV13-2*01,TRAJ8*01
32851,CASSQDLMEETQYF,TRBV4-1*01,TRBJ2-5*01
32852,CSAWAQGSGYEQYF,TRBV20-1*01,TRBJ2-7*01
32852,CAVRRSYNTDKLIF,TRAV1-2*01,TRAJ34*01
32853,CASSFDHRGRDEQFF,TRBV7-3*01,TRBJ2-1*01
32853,CAYRRRGNQFYF,TRAV38-2/DV8*01,TRAJ49*01
32854,CARQTTGTTVGYTF,TRBV2*01,TRBJ1-2*01
32854,CAARAPKAAGNKLTF,TRAV23/DV6*01,TRAJ17*01
32855,CASSWTGMNTEAFF,TRBV7-2*01,TRBJ1-1*01
32855,CAASVMAGGGADGLTF,TRAV29/DV5*01,TRAJ45*01
32856,CASSDGGSSGNTIYF,TRBV18*01,TRBJ1-3*01
32856,CAVRLPGPLVF,TRAV1-2*01,TRAJ29*01
32859,CSATPNPGGHSTDTQYF,TRBV20-1*01,TRBJ2-3*01
32859,CAGNTGGFKTIF,TRAV25*01,TRAJ9*01
32866,CASSGLRGTAEAFF,TRBV9*01,TRBJ1-1*01
32866,CVVKDNNNDMRF,TRAV12-1*01,TRAJ43*01
32867,CVVNFLYNQGGKLIF,TRAV12-1*01,TRAJ23*01
32867,CASSQERDRVYEQYF,TRBV4-3*01,TRBJ2-7*01
32868,CALGSNYQLIW,TRAV19*01,TRAJ33*01
32868,CAWSAIADTDTQYF,TRBV30*01,TRBJ2-3*01
32870,CASSQDHGLHPEAFF,TRBV4-1*01,TRBJ1-1*01
32870,CAAPGTGANNLFF,TRAV29/DV5*01,TRAJ36*01
32876,CAFIPPQGTGTASKLTF,TRAV38-1*01,TRAJ44*01
32876,CASSMNPQGGSSPLHF,TRBV11-1*01,TRBJ1-6*01
32887,CASSADQLEQFF,TRBV9*01,TRBJ2-1*01
32887,CVVNGAGNTPLVF,TRAV12-1*01,TRAJ29*01
32888,CALSAFNDYKLSF,TRAV16*01,TRAJ20*01
32888,CASSEAGGGYEQYF,TRBV12-3*01,TRBJ2-7*01
32892,CASSPLPGGVNEQFF,TRBV10-1*01,TRBJ2-1*01
32892,CAGPLLTQGGSEKLVF,TRAV25*01,TRAJ57*01
32903,CLVGDLYTGGFKTIF,TRAV4*01,TRAJ9*01
32903,CASQAGVFTDTQYF,TRBV28*01,TRBJ2-3*01
32905,CGTEIQGGGADGLTF,TRAV30*01,TRAJ45*01
32905,CASSPSSGESTDTQYF,TRBV27*01,TRBJ2-3*01
32908,CATDASSNYQLIW,TRAV17*01,TRAJ33*01
32908,CSAIPLGEPYEQYF,TRBV20-1*01,TRBJ2-7*01
32910,CASSSGVGQEAHEQYF,TRBV11-1*01,TRBJ2-7*01
32910,CAVAYSGGYQKVTF,TRAV8-6*01,TRAJ13*01
32918,CAADSGNTPLVF,TRAV36/DV7*01,TRAJ29*01
32918,CASSYSVRDYEQYF,TRBV6-5*01,TRBJ2-7*01
32938,CAAPEPPNTGNQFYF,TRAV29/DV5*01,TRAJ49*01
32938,CATSDVAGGGGEQFF,TRBV24-1*01,TRBJ2-1*01
32940,CASRESLLAGGPDTQYF,TRBV4-2*01,TRBJ2-3*01
32940,CAARPHNRKLIW,TRAV13-1*01,TRAJ38*01
32942,CAGDSNYQLIW,TRAV27*01,TRAJ33*01
32942,CASSQDMRAGGPNEQFF,TRBV4-3*01,TRBJ2-1*01
32943,CAGHLRKTSYDKVIF,TRAV27*01,TRAJ50*01
32943,CASSPEGRRMGPTNEKLFF,TRBV12-3*01,TRBJ1-4*01
32944,CASSMGPTGYGYTF,TRBV19*01,TRBJ1-2*01
32944,CAGLSYNTDKLIF,TRAV27*01,TRAJ34*01
32950,CASSFGLDHGTGELFF,TRBV5-4*01,TRBJ2-2*01
32950,CAMRGTSNDYKLSF,TRAV14/DV4*01,TRAJ20*01
32952,CSARDREGSIYNEQFF,TRBV20-1*01,TRBJ2-1*01
32952,CATDAGSSNTGKLIF,TRAV17*01,TRAJ37*01
32955,CAVSGNTPLVF,TRAV12-2*01,TRAJ29*01
32955,CASTQGYNEQFF,TRBV11-2*01,TRBJ2-1*01
32956,CAYRSFNYGGSQGNLIF,TRAV38-2/DV8*01,TRAJ42*01
32956,CASSQDLGVDGYTF,TRBV4-3*01,TRBJ1-2*01
32964,CVVSEWNDMRF,TRAV8-2*01,TRAJ43*01
32964,CASSRGGGSYNEQFF,TRBV11-2*01,TRBJ2-1*01
32968,CAGCRLGAGSYQLTF,TRAV35*01,TRAJ28*01
32968,CATSREWPGELFF,TRBV15*01,TRBJ2-2*01
32970,CATDTGRRALTF,TRAV17*01,TRAJ5*01
32970,CASSLALSTEYSSF,TRBV5-1*01,TRBJ1-2*01
32973,CAALWSNQFYF,TRAV13-1*01,TRAJ49*01
32973,CASSQDYNEQFF,TRBV14*01,TRBJ2-1*01
32974,CASSLTSGSISTQYF,TRBV7-6*01,TRBJ2-3*01
32974,CALSEAYGGYQKVTF,TRAV19*01,TRAJ13*01
32975,CSAPLGEGGYTF,TRBV20-1*01,TRBJ1-2*01
32975,CAMRELSNTGKLIF,TRAV14/DV4*01,TRAJ37*01
32976,CAVLFHYNQGGKLIF,TRAV8-6*01,TRAJ23*01
32976,CASSIARTGEAVNEQFF,TRBV7-4*01,TRBJ2-1*01
32979,CASSFRPPDTDRTNTGELFF,TRBV5-1*01,TRBJ2-2*01
32979,CAVRPPHSGAGSYQLTF,TRAV21*01,TRAJ28*01
32982,CASSLSAGTEAFF,TRBV28*01,TRBJ1-1*01
32982,CALSDYGGATNKLIF,TRAV9-2*01,TRAJ32*01
32986,CASSLDGATNEKLFF,TRBV5-1*01,TRBJ1-4*01
32986,CAVGARSGGYQKVTF,TRAV8-3*01,TRAJ13*01
32988,CASSVQEEYGYTF,TRBV9*01,TRBJ1-2*01
32988,CAGYDYKLSF,TRAV25*01,TRAJ20*01
32989,CASSIGGGLYEQYF,TRBV19*01,TRBJ2-7*01
32989,CAVGYNAGNMLTF,TRAV22*01,TRAJ39*01
32993,CAVKDYGGATNKLIF,TRAV8-1*01,TRAJ32*01
32993,CASSEGGGYEQYF,TRBV2*01,TRBJ2-7*01
32997,CASSVEEPGTVYEQYF,TRBV9*01,TRBJ2-7*01
32997,CAVLNNARLMF,TRAV1-2*01,TRAJ31*01
32998,CASSLMTGGAYNEQFF,TRBV5-6*01,TRBJ2-1*01
32998,CVVNYNAGNMLTF,TRAV12-1*01,TRAJ39*01
33000,CVVTGAGSYQLTF,TRAV8-2*01,TRAJ28*01
33000,CATSDDSEKLFF,TRBV24-1*01,TRBJ1-4*01
33021,CATDADSNYQLIW,TRAV17*01,TRAJ33*01
33021,CASSLDAETQYF,TRBV7-6*01,TRBJ2-5*01
33023,CVVSVTGTASKLTF,TRAV8-2*01,TRAJ44*01
33023,CASSPGTGDLETQYF,TRBV7-9*01,TRBJ2-5*01
33027,CAGDMRF,TRAV17*01,TRAJ43*01
33027,CASSLAGDQEPQYEQYF,TRBV7-6*01,TRBJ2-7*01
33028,CAVRGYGQNFVF,TRAV3*01,TRAJ26*01
33028,CSARDPQRTTSTDTQYF,TRBV20-1*01,TRBJ2-3*01
33034,CAFFSGGGADGLTF,TRAV24*01,TRAJ45*01
33034,CASSLGGPPTYEQYF,TRBV7-2*01,TRBJ2-7*01
33039,CASSWTANTEAFF,TRBV27*01,TRBJ1-1*01
33039,CAVERDSGGSNYKLTF,TRAV36/DV7*01,TRAJ53*01
33040,CAVRDLETGANNLFF,TRAV1-2*01,TRAJ36*01
33040,CSARGTDFANTGELFF,TRBV20-1*01,TRBJ2-2*01
33042,CASSPGLTPAEQYF,TRBV7-9*01,TRBJ2-7*01
33042,CAYRSATSGTYKYIF,TRAV38-2/DV8*01,TRAJ40*01
33046,CAVHNAGNMLTF,TRAV27*01,TRAJ39*01
33046,CASGFFNQPQHF,TRBV6-2*01,TRBJ1-5*01
33052,CASSPDGTGSGNTIYF,TRBV5-1*01,TRBJ1-3*01
33052,CAFMKPFHTGNQFYF,TRAV38-1*01,TRAJ49*01
33054,CAHPSGNTPLVF,TRAV38-2/DV8*01,TRAJ29*01
33054,CASSLNEQEGQPQHF,TRBV28*01,TRBJ1-5*01
33055,CASSLAGTGSDTQYF,TRBV27*01,TRBJ2-3*01
33055,CALSDQLDSWGKLQF,TRAV9-2*01,TRAJ24*01
33061,CASSLLRVSGANVLTF,TRBV3-1*01,TRBJ2-6*01
33061,CAYLENNDMRF,TRAV38-2/DV8*01,TRAJ43*01
33063,CLVTPLYNFNKFYF,TRAV4*01,TRAJ21*01
33063,CASSEDNRGRYEQYF,TRBV2*01,TRBJ2-7*01
33065,CALSQESGYNQGGKLIF,TRAV19*01,TRAJ23*01
33065,CASSMRHFSYEQYF,TRBV19*01,TRBJ2-7*01
33066,CASSPVGPNTQYF,TRBV12-4*01,TRBJ2-3*01
33066,CGTGPRVNFGNEKLTF,TRAV30*01,TRAJ48*01
33069,CASSLKVRDEQFF,TRBV7-3*01,TRBJ2-1*01
33069,CATASNDYKLSF,TRAV8-3*01,TRAJ20*01
33070,CATDELYNTDKLIF,TRAV17*01,TRAJ34*01
33070,CAWGIPRQDNNEKLFF,TRBV30*01,TRBJ1-4*01
33073,CAVSDKGDSSYKLIF,TRAV8-4*01,TRAJ12*01
33073,CASSLGTGYEQYF,TRBV7-9*01,TRBJ2-7*01
33074,CAVSDSSGTSYDKVIF,TRAV8-6*01,TRAJ50*01
33074,CASSYSGTENGYTF,TRBV6-5*01,TRBJ1-2*01
33079,CASNSLDREDGNTIYF,TRBV12-4*01,TRBJ1-3*01
33079,CAVDKIGGREGGSEKLVF,TRAV39*01,TRAJ57*01
33085,CSARGQGTSGVDYGYTF,TRBV20-1*01,TRBJ1-2*01
33085,CAREDSSYKLIF,TRAV13-2*01,TRAJ12*01
33094,CASSRNPGTGTYNEQFF,TRBV28*01,TRBJ2-1*01
33094,CAGRPRGSTLGRLYF,TRAV25*01,TRAJ18*01
33103,CAAVYHGTASKLTF,TRAV13-1*01,TRAJ44*01
33103,CASSQDRASYNEQFF,TRBV4-1*01,TRBJ2-1*01
33104,CASSSSGYNEQFF,TRBV5-1*01,TRBJ2-1*01
33104,CAVLVGGSTLGRLYF,TRAV8-1*01,TRAJ18*01
33129,CASTPGSEPLHF,TRBV25-1*01,TRBJ1-6*01
33129,CAVRDIMNRDDKIIF,TRAV3*01,TRAJ30*01
33135,CASIDRSYEQYF,TRBV6-5*01,TRBJ2-7*01
33135,CAVVSDDKIIF,TRAV22*01,TRAJ30*01
33142,CAVNGDDKIIF,TRAV8-1*01,TRAJ30*01
33142,CASSYPLGTQYF,TRBV6-5*01,TRBJ2-5*01
33143,CAVSEFGANSKLTF,TRAV8-6*01,TRAJ56*01
33143,CASRVKETQYF,TRBV7-9*01,TRBJ2-5*01
33144,CASSLGVGRGFTEAFF,TRBV7-2*01,TRBJ1-1*01
33144,CAYRSLRRDDKIIF,TRAV38-2/DV8*01,TRAJ30*01
33167,CVVNSGNKLVF,TRAV12-1*01,TRAJ47*01
33167,CASSADAGTSSEQFF,TRBV9*01,TRBJ2-1*01
33214,CVAASYNTDKLIF,TRAV12-1*01,TRAJ34*01
33214,CASSQVGRGRGAFF,TRBV3-1*01,TRBJ1-1*01
33236,CASSVAGGGQETQYF,TRBV9*01,TRBJ2-5*01
33236,CALSEAGTYKYIF,TRAV19*01,TRAJ40*01
33238,CASKVYGYTF,TRBV7-2*01,TRBJ1-2*01
33238,CLVGDFNSNSGYALNF,TRAV4*01,TRAJ41*01
33242,CASSQDVTSEWVDTIYF,TRBV4-3*01,TRBJ1-3*01
33242,CAVNPKYTGGFKTIF,TRAV12-2*01,TRAJ9*01
33250,CAGPRFTSGTYKYIF,TRAV25*01,TRAJ40*01
33250,CASSPTLYNEQFF,TRBV7-2*01,TRBJ2-1*01
33255,CASSLILDSPLHF,TRBV7-9*01,TRBJ1-6*01
33255,CAVEDDYKLSF,TRAV22*01,TRAJ20*01
33282,CASSISSTGELFF,TRBV19*01,TRBJ2-2*01
33282,CAVESGNTGKLIF,TRAV21*01,TRAJ37*01
33314,CAFDRGSSNAGKLIF,TRAV24*01,TRAJ37*01
33314,CASEGVHEQFF,TRBV2*01,TRBJ2-1*01
33315,CAGLPYGQNFVF,TRAV35*01,TRAJ26*01
33315,CASSPVGWGNTIYF,TRBV18*01,TRBJ1-3*01
33316,CATDKGSGGSNYKLTF,TRAV17*01,TRAJ53*01
33316,CASSTMGDYYEQYF,TRBV14*01,TRBJ2-7*01
33317,CAALGGDKIIF,TRAV22*01,TRAJ30*01
33317,CASSLWAGNTIYF,TRBV7-6*01,TRBJ1-3*01
33332,CASSPRDEQFF,TRBV7-9*01,TRBJ2-1*01
33332,CAMRAFGNEKLTF,TRAV14/DV4*01,TRAJ48*01
33333,CAASQNTEAFF,TRBV6-1*01,TRBJ1-1*01
33333,CALSESHNNAGNMLTF,TRAV19*01,TRAJ39*01
33340,CAGFLMNRDDKIIF,TRAV27*01,TRAJ30*01
33340,CACCRLFSREYGYTF,TRBV2*01,TRBJ1-2*01
33471,CACSIDPRGQPQHF,TRBV19*01,TRBJ1-5*01
33471,CVGFSGNTGKLIF,TRAV12-1*01,TRAJ37*01
34325,CALSEAGMDSNYQLIW,TRAV19*01,TRAJ33*01
34325,CASSLVNGLGYTF,TRBV7-9*01,TRBJ1-2*01
34330,CALSEARGGATNKLIF,TRAV19*01,TRAJ32*01
34330,CASSRDTVNTEAFF,TRBV10-1*01,TRBJ1-1*01
34340,CASSRDFVSNEQYF,TRBV10-1*01,TRBJ2-7*01
34340,CALSEARGGATNKLIF,TRAV19*01,TRAJ32*01
34346,CALSSRGSTLGRLYF,TRAV19*01,TRAJ18*01
34346,CASSPSGLAGSNLGNEQFF,TRBV11-3*01,TRBJ2-1*01
34348,CALSSRGSTLGRLYF,TRAV19*01,TRAJ18*01
34348,CASSPSGLAGSNLGNEQFF,TRBV11-3*01,TRBJ2-1*01
34357,CALSSRGSTLGRLYF,TRAV19*01,TRAJ18*01
34357,CASSPSGLAGSNLGNEQFF,TRBV11-3*01,TRBJ2-1*01
34481,CAVVPMDSNYQLIW,TRAV8-3*01,TRAJ33*01
34481,CASSVGGGVTDTQYF,TRBV9*01,TRBJ2-3*01
34490,CAVYTGGFKTIF,TRAV1-2*01,TRAJ9*01
34490,CASNLGGGSTDTQYF,TRBV11-2*01,TRBJ2-3*01
34495,CAVEGDTGFQKLVF,TRAV2*01,TRAJ8*01
34495,CASSSPRSSRDTDTQYF,TRBV13*01,TRBJ2-3*01
34497,CASRAVINTDTQYF,TRBV12-3*01,TRBJ2-3*01
34497,CGADFLMNRDDKIIF,TRAV34*01,TRAJ30*01
34498,CASSPGPNQPQHF,TRBV14*01,TRBJ1-5*01
34498,CAVHRDYKLSF,TRAV1-1*01,TRAJ20*01
34501,CAVPSGSARQLTF,TRAV1-2*01,TRAJ22*01
34501,CASSLDFSRQETQYF,TRBV7-2*01,TRBJ2-5*01
34504,CAVKSWSGPGWGNQAGTALIF,TRAV20*01,TRAJ15*01
34504,CASSMRVQSNTGELFF,TRBV19*01,TRBJ2-2*01
34505,CVGDFNNAGNMLTF,TRAV12-1*01,TRAJ39*01
34505,CASSPGREQYF,TRBV4-2*01,TRBJ2-7*01
34507,CAVRDNYGQNFVF,TRAV3*01,TRAJ26*01
34507,CASSLSWGSSYNEQFF,TRBV27*01,TRBJ2-1*01
34508,CAASGISGSRLTF,TRAV29/DV5*01,TRAJ10*01
34508,CASRDHRVIYGYTF,TRBV6-5*01,TRBJ1-2*01
34509,CAVRSAAAGNKLTF,TRAV22*01,TRAJ17*01
34509,CASSRSTGGSGNTIYF,TRBV4-3*01,TRBJ1-3*01
34520,CASRPWTGANEKLFF,TRBV6-5*01,TRBJ1-4*01
34520,CAVGTSYDKVIF,TRAV21*01,TRAJ50*01
34528,CASTAGPNFGNEKLTF,TRAV13-1*01,TRAJ48*01
34528,CASSANRGPDTEAFF,TRBV12-4*01,TRBJ1-1*01
34530,CAVRDRGTGGFKTIF,TRAV1-2*01,TRAJ9*01
34530,CASITKDRAYEQYF,TRBV28*01,TRBJ2-1*01
34531,CAWSAASGGAQDTQYF,TRBV30*01,TRBJ2-3*01
34531,CAPSYSSASKIIF,TRAV12-3*01,TRAJ3*01
34532,CASSPGTVKETQYF,TRBV5-1*01,TRBJ2-5*01
34532,CAMSGYTNAGKSTF,TRAV12-3*01,TRAJ27*01
34533,CAMREDNNARLMF,TRAV14/DV4*01,TRAJ31*01
34533,CASSQEFVGAVLDTQYF,TRBV14*01,TRBJ2-3*01
34534,CAFMWGLGQNFVF,TRAV38-1*01,TRAJ26*01
34534,CASSVERENTGELFF,TRBV28*01,TRBJ2-2*01
34546,CAVSMYSGGGADGLTF,TRAV12-2*01,TRAJ45*01
34546,CASSPQGDSASSGNTIYF,TRBV4-2*01,TRBJ1-3*01
